vine,Label,Block,Row,Rep,Vine,Rootstock,Scion,Date,Year,Week,Location,max_temp,min_temp,daily_rain,A,E,gsw,leaf_temp
Cab_1103 Paulsen_1,C_16,Liberty,19,1,3,1103 Paulsen,Cab,6/19/18,2018,1,Liberty,91.2,53.8,0,12.90245595,0.00381046,0.125770909,94.9
Cab_1103 Paulsen_1,C_16,Liberty,19,1,3,1103 Paulsen,Cab,6/19/18,2018,1,Liberty,91.2,53.8,0,5.329147149,0.001362379,0.040034045,94.9
Cab_1103 Paulsen_1,C_17,Liberty,19,1,4,1103 Paulsen,Cab,6/19/18,2018,1,Liberty,91.2,53.8,0,7.251836993,0.002059829,0.06208923,102
Cab_1103 Paulsen_1,C_17,Liberty,19,1,4,1103 Paulsen,Cab,6/19/18,2018,1,Liberty,91.2,53.8,0,4.623965161,0.001284804,0.038154953,102
Cab_1103 Paulsen_1,C_18,Liberty,19,1,5,1103 Paulsen,Cab,6/19/18,2018,1,Liberty,91.2,53.8,0,9.925016161,0.002621775,0.080047589,97.85
Cab_1103 Paulsen_1,C_18,Liberty,19,1,5,1103 Paulsen,Cab,6/19/18,2018,1,Liberty,91.2,53.8,0,10.65579581,0.002924307,0.08833222,97.85
Cab_Freedom_1,C_10,Liberty,16,1,4,Freedom,Cab,6/19/18,2018,1,Liberty,91.2,53.8,0,8.6391373,0.002523916,0.079481704,91.5
Cab_Freedom_1,C_10,Liberty,16,1,4,Freedom,Cab,6/19/18,2018,1,Liberty,91.2,53.8,0,7.335935301,0.001860164,0.056888114,91.5
Cab_Freedom_1,C_11,Liberty,16,1,5,Freedom,Cab,6/19/18,2018,1,Liberty,91.2,53.8,0,12.72195629,0.003075092,0.101503954,91.4
Cab_Freedom_1,C_11,Liberty,16,1,5,Freedom,Cab,6/19/18,2018,1,Liberty,91.2,53.8,0,9.607377057,0.002303526,0.073386907,91.4
Cab_Freedom_1,C_12,Liberty,16,1,7,Freedom,Cab,6/19/18,2018,1,Liberty,91.2,53.8,0,17.5385634,0.005198,0.175679332,90.85
Cab_Freedom_1,C_12,Liberty,16,1,7,Freedom,Cab,6/19/18,2018,1,Liberty,91.2,53.8,0,14.51448258,0.004171675,0.141400055,90.85
Cab_Teleki 5C_1,C_13,Liberty,17,1,3,Teleki 5C,Cab,6/19/18,2018,1,Liberty,91.2,53.8,0,13.49742298,0.004120523,0.137447807,96.85
Cab_Teleki 5C_1,C_13,Liberty,17,1,3,Teleki 5C,Cab,6/19/18,2018,1,Liberty,91.2,53.8,0,14.97372119,0.004405321,0.149686241,96.85
Cab_Teleki 5C_1,C_14,Liberty,17,1,4,Teleki 5C,Cab,6/19/18,2018,1,Liberty,91.2,53.8,0,11.88750727,0.003426125,0.108168437,92.75
Cab_Teleki 5C_1,C_14,Liberty,17,1,4,Teleki 5C,Cab,6/19/18,2018,1,Liberty,91.2,53.8,0,12.76578015,0.003681466,0.124330292,92.75
Cab_Teleki 5C_1,C_15,Liberty,17,1,6,Teleki 5C,Cab,6/19/18,2018,1,Liberty,91.2,53.8,0,10.20975558,0.0030243,0.100930284,97.35
Cab_Teleki 5C_1,C_15,Liberty,17,1,6,Teleki 5C,Cab,6/19/18,2018,1,Liberty,91.2,53.8,0,8.321296639,0.002327059,0.076128822,97.35
Chard_1103 Paulsen_1,C_4,Liberty,4,1,3,1103 Paulsen,Chard,6/19/18,2018,1,Liberty,91.2,53.8,0,20.05089716,0.010175834,0.443439086,74.6
Chard_1103 Paulsen_1,C_4,Liberty,4,1,3,1103 Paulsen,Chard,6/19/18,2018,1,Liberty,91.2,53.8,0,16.24919146,0.006450519,0.249829845,74.6
Chard_1103 Paulsen_1,C_5,Liberty,4,1,4,1103 Paulsen,Chard,6/19/18,2018,1,Liberty,91.2,53.8,0,23.77964367,0.010750294,0.4827719,86.05
Chard_1103 Paulsen_1,C_5,Liberty,4,1,4,1103 Paulsen,Chard,6/19/18,2018,1,Liberty,91.2,53.8,0,24.3952722,0.011153398,0.485703101,86.05
Chard_1103 Paulsen_1,C_6,Liberty,4,1,5,1103 Paulsen,Chard,6/19/18,2018,1,Liberty,91.2,53.8,0,19.29778619,0.008249739,0.338571406,86.05
Chard_1103 Paulsen_1,C_6,Liberty,4,1,5,1103 Paulsen,Chard,6/19/18,2018,1,Liberty,91.2,53.8,0,8.076276249,0.00175589,0.059348469,86.05
Chard_Freedom_2,C_7,Liberty,8,2,1,Freedom,Chard,6/19/18,2018,1,Liberty,91.2,53.8,0,19.71955969,0.006345894,0.243628964,92.4
Chard_Freedom_2,C_7,Liberty,8,2,1,Freedom,Chard,6/19/18,2018,1,Liberty,91.2,53.8,0,14.1497293,0.003647721,0.120862927,92.4
Chard_Freedom_2,C_8,Liberty,8,2,2,Freedom,Chard,6/19/18,2018,1,Liberty,91.2,53.8,0,12.79534366,0.003893947,0.135518937,90.55
Chard_Freedom_2,C_8,Liberty,8,2,2,Freedom,Chard,6/19/18,2018,1,Liberty,91.2,53.8,0,12.67627721,0.00383716,0.134130287,90.55
Chard_Freedom_2,C_9,Liberty,8,2,4,Freedom,Chard,6/19/18,2018,1,Liberty,91.2,53.8,0,14.43204892,0.004292406,0.146316518,88.5
Chard_Freedom_2,C_9,Liberty,8,2,4,Freedom,Chard,6/19/18,2018,1,Liberty,91.2,53.8,0,9.350395744,0.00291436,0.105550808,88.5
Chard_Teleki 5C_1,C_1,Liberty,2,1,2,Teleki 5C,Chard,6/19/18,2018,1,Liberty,91.2,53.8,0,16.85445893,0.006730813,0.263211904,85.8
Chard_Teleki 5C_1,C_1,Liberty,2,1,2,Teleki 5C,Chard,6/19/18,2018,1,Liberty,91.2,53.8,0,18.5761781,0.006827601,0.290037103,85.8
Chard_Teleki 5C_1,C_2,Liberty,2,1,3,Teleki 5C,Chard,6/19/18,2018,1,Liberty,91.2,53.8,0,19.4501025,0.008598026,0.37484949,80.35
Chard_Teleki 5C_1,C_2,Liberty,2,1,3,Teleki 5C,Chard,6/19/18,2018,1,Liberty,91.2,53.8,0,19.17071376,0.008316678,0.358313751,80.35
Chard_Teleki 5C_1,C_3,Liberty,2,1,5,Teleki 5C,Chard,6/19/18,2018,1,Liberty,91.2,53.8,0,19.99881038,0.008563339,0.390159543,85.45
Chard_Teleki 5C_1,C_3,Liberty,2,1,5,Teleki 5C,Chard,6/19/18,2018,1,Liberty,91.2,53.8,0,17.88941722,0.008186651,0.360058958,85.45
Cab_1103 Paulsen_2,C_46,Liberty,21,2,3,1103 Paulsen,Cab,6/26/18,2018,2,Liberty,93.2,50.8,0,14.55718779,0.004202767,0.171034207,89
Cab_1103 Paulsen_2,C_46,Liberty,21,2,3,1103 Paulsen,Cab,6/26/18,2018,2,Liberty,93.2,50.8,0,12.53284763,0.002568904,0.096341875,89
Cab_1103 Paulsen_2,C_47,Liberty,21,2,4,1103 Paulsen,Cab,6/26/18,2018,2,Liberty,93.2,50.8,0,17.28155651,0.004618512,0.187050963,94.85
Cab_1103 Paulsen_2,C_47,Liberty,21,2,4,1103 Paulsen,Cab,6/26/18,2018,2,Liberty,93.2,50.8,0,20.11582371,0.006642623,0.288224073,94.85
Cab_1103 Paulsen_2,C_48,Liberty,21,2,5,1103 Paulsen,Cab,6/26/18,2018,2,Liberty,93.2,50.8,0,10.68093457,0.002517992,0.098125893,96.05
Cab_1103 Paulsen_2,C_48,Liberty,21,2,5,1103 Paulsen,Cab,6/26/18,2018,2,Liberty,93.2,50.8,0,10.89636709,0.002825544,0.110391089,96.05
Cab_Freedom_3,C_49,Liberty,26,3,3,Freedom,Cab,6/26/18,2018,2,Liberty,93.2,50.8,0,12.08014049,0.002687128,0.106161548,102.15
Cab_Freedom_3,C_49,Liberty,26,3,3,Freedom,Cab,6/26/18,2018,2,Liberty,93.2,50.8,0,14.62522393,0.003750722,0.15056271,102.15
Cab_Freedom_3,C_50,Liberty,26,3,4,Freedom,Cab,6/26/18,2018,2,Liberty,93.2,50.8,0,18.01859751,0.005224169,0.216609078,91.3
Cab_Freedom_3,C_50,Liberty,26,3,4,Freedom,Cab,6/26/18,2018,2,Liberty,93.2,50.8,0,15.74411761,0.003988384,0.164147105,91.3
Cab_Freedom_3,C_51,Liberty,26,3,6,Freedom,Cab,6/26/18,2018,2,Liberty,93.2,50.8,0,14.07503503,0.003670446,0.150393112,91.3
Cab_Freedom_3,C_51,Liberty,26,3,6,Freedom,Cab,6/26/18,2018,2,Liberty,93.2,50.8,0,11.63476961,0.0025163,0.098066517,91.3
Cab_Teleki 5C_2,C_43,Liberty,20,2,3,Teleki 5C,Cab,6/26/18,2018,2,Liberty,93.2,50.8,0,12.98793698,0.003131457,0.124619922,93.75
Cab_Teleki 5C_2,C_43,Liberty,20,2,3,Teleki 5C,Cab,6/26/18,2018,2,Liberty,93.2,50.8,0,12.46558714,0.002794641,0.112310366,93.75
Cab_Teleki 5C_2,C_44,Liberty,20,2,4,Teleki 5C,Cab,6/26/18,2018,2,Liberty,93.2,50.8,0,10.76910759,0.002699893,0.104852776,93.55
Cab_Teleki 5C_2,C_44,Liberty,20,2,4,Teleki 5C,Cab,6/26/18,2018,2,Liberty,93.2,50.8,0,12.58617669,0.002815024,0.109901704,93.55
Cab_Teleki 5C_2,C_45,Liberty,20,2,5,Teleki 5C,Cab,6/26/18,2018,2,Liberty,93.2,50.8,0,14.18475991,0.003446778,0.137167212,91.8
Cab_Teleki 5C_2,C_45,Liberty,20,2,5,Teleki 5C,Cab,6/26/18,2018,2,Liberty,93.2,50.8,0,10.67369081,0.002184967,0.083289726,91.8
Chard_1103 Paulsen_2,C_52,Liberty,5,2,4,1103 Paulsen,Chard,6/26/18,2018,2,Liberty,93.2,50.8,0,16.62255891,0.005076214,0.209449236,99.35
Chard_1103 Paulsen_2,C_52,Liberty,5,2,4,1103 Paulsen,Chard,6/26/18,2018,2,Liberty,93.2,50.8,0,17.89902157,0.006155843,0.259012631,99.35
Chard_1103 Paulsen_2,C_53,Liberty,5,2,6,1103 Paulsen,Chard,6/26/18,2018,2,Liberty,93.2,50.8,0,21.70851549,0.007031269,0.307113888,90.85
Chard_1103 Paulsen_2,C_53,Liberty,5,2,6,1103 Paulsen,Chard,6/26/18,2018,2,Liberty,93.2,50.8,0,18.41665322,0.006588571,0.281479129,90.85
Chard_1103 Paulsen_2,C_54,Liberty,5,2,7,1103 Paulsen,Chard,6/26/18,2018,2,Liberty,93.2,50.8,0,18.98565732,0.005547569,0.235195339,83.15
Chard_1103 Paulsen_2,C_54,Liberty,5,2,7,1103 Paulsen,Chard,6/26/18,2018,2,Liberty,93.2,50.8,0,14.52998759,0.004124383,0.167070612,83.15
Chard_Freedom_3,C_58,Liberty,12,3,3,Freedom,Chard,6/26/18,2018,2,Liberty,93.2,50.8,0,15.91548854,0.003770092,0.15139031,91.65
Chard_Freedom_3,C_58,Liberty,12,3,3,Freedom,Chard,6/26/18,2018,2,Liberty,93.2,50.8,0,14.02649588,0.003403297,0.135040496,91.65
Chard_Freedom_3,C_59,Liberty,12,3,4,Freedom,Chard,6/26/18,2018,2,Liberty,93.2,50.8,0,17.01664602,0.004747513,0.199257721,93.25
Chard_Freedom_3,C_59,Liberty,12,3,4,Freedom,Chard,6/26/18,2018,2,Liberty,93.2,50.8,0,11.50719456,0.00277875,0.108721247,93.25
Chard_Freedom_3,C_60,Liberty,12,3,6,Freedom,Chard,6/26/18,2018,2,Liberty,93.2,50.8,0,8.664736627,0.001669938,0.063737056,93.85
Chard_Freedom_3,C_60,Liberty,12,3,6,Freedom,Chard,6/26/18,2018,2,Liberty,93.2,50.8,0,12.14831485,0.002795673,0.109872396,93.85
Chard_Teleki 5C_2,C_55,Liberty,6,2,3,Teleki 5C,Chard,6/26/18,2018,2,Liberty,93.2,50.8,0,13.66680063,0.003931203,0.161792002,96.75
Chard_Teleki 5C_2,C_55,Liberty,6,2,3,Teleki 5C,Chard,6/26/18,2018,2,Liberty,93.2,50.8,0,16.28408217,0.005302204,0.223565843,96.75
Chard_Teleki 5C_2,C_56,Liberty,6,2,4,Teleki 5C,Chard,6/26/18,2018,2,Liberty,93.2,50.8,0,16.05372171,0.004777163,0.200373055,89.1
Chard_Teleki 5C_2,C_56,Liberty,6,2,4,Teleki 5C,Chard,6/26/18,2018,2,Liberty,93.2,50.8,0,9.211375111,0.001979157,0.076106144,89.1
Chard_Teleki 5C_2,C_57,Liberty,6,2,5,Teleki 5C,Chard,6/26/18,2018,2,Liberty,93.2,50.8,0,12.69927205,0.003405724,0.139931482,93.9
Chard_Teleki 5C_2,C_57,Liberty,6,2,5,Teleki 5C,Chard,6/26/18,2018,2,Liberty,93.2,50.8,0,15.21358508,0.004345946,0.18036425,93.9
Cab_1103 Paulsen_3,C_97,Liberty,23,3,3,1103 Paulsen,Cab,7/3/18,2018,3,Liberty,86.5,53.2,0,11.78268296,0.002519567,0.091764486,91.45
Cab_1103 Paulsen_3,C_97,Liberty,23,3,3,1103 Paulsen,Cab,7/3/18,2018,3,Liberty,86.5,53.2,0,10.25310996,0.002147866,0.080012541,91.45
Cab_1103 Paulsen_3,C_98,Liberty,23,3,5,1103 Paulsen,Cab,7/3/18,2018,3,Liberty,86.5,53.2,0,17.57228174,0.004905786,0.195785415,87.5
Cab_1103 Paulsen_3,C_98,Liberty,23,3,5,1103 Paulsen,Cab,7/3/18,2018,3,Liberty,86.5,53.2,0,9.897945705,0.00229902,0.086777655,87.5
Cab_1103 Paulsen_3,C_99,Liberty,23,3,6,1103 Paulsen,Cab,7/3/18,2018,3,Liberty,86.5,53.2,0,15.18460166,0.003854844,0.155209112,93.35
Cab_1103 Paulsen_3,C_99,Liberty,23,3,6,1103 Paulsen,Cab,7/3/18,2018,3,Liberty,86.5,53.2,0,12.89174373,0.002909276,0.110817105,93.35
Cab_Freedom_4,C_100,Liberty,26,4,2,Freedom,Cab,7/3/18,2018,3,Liberty,86.5,53.2,0,7.133118454,0.00150468,0.055265952,99.25
Cab_Freedom_4,C_100,Liberty,26,4,2,Freedom,Cab,7/3/18,2018,3,Liberty,86.5,53.2,0,8.640984447,0.001895342,0.070641937,99.25
Cab_Freedom_4,C_101,Liberty,26,4,5,Freedom,Cab,7/3/18,2018,3,Liberty,86.5,53.2,0,14.11814079,0.003389651,0.131272349,88.8
Cab_Freedom_4,C_101,Liberty,26,4,5,Freedom,Cab,7/3/18,2018,3,Liberty,86.5,53.2,0,9.31589252,0.001998142,0.074834498,88.8
Cab_Freedom_4,C_102,Liberty,26,4,6,Freedom,Cab,7/3/18,2018,3,Liberty,86.5,53.2,0,17.08596109,0.004790269,0.190877718,93.5
Cab_Freedom_4,C_102,Liberty,26,4,6,Freedom,Cab,7/3/18,2018,3,Liberty,86.5,53.2,0,10.52253449,0.002216583,0.082280632,93.5
Cab_Teleki 5C_3,C_94,Liberty,22,3,4,Teleki 5C,Cab,7/3/18,2018,3,Liberty,86.5,53.2,0,13.99252243,0.003838755,0.151587571,88.5
Cab_Teleki 5C_3,C_94,Liberty,22,3,4,Teleki 5C,Cab,7/3/18,2018,3,Liberty,86.5,53.2,0,12.52424848,0.002669239,0.100896476,88.5
Cab_Teleki 5C_3,C_95,Liberty,22,3,5,Teleki 5C,Cab,7/3/18,2018,3,Liberty,86.5,53.2,0,13.73237961,0.004119992,0.157135231,90
Cab_Teleki 5C_3,C_95,Liberty,22,3,5,Teleki 5C,Cab,7/3/18,2018,3,Liberty,86.5,53.2,0,10.70971884,0.002124714,0.078927887,90
Cab_Teleki 5C_3,C_96,Liberty,22,3,6,Teleki 5C,Cab,7/3/18,2018,3,Liberty,86.5,53.2,0,7.58201943,0.001633099,0.061388152,94.3
Cab_Teleki 5C_3,C_96,Liberty,22,3,6,Teleki 5C,Cab,7/3/18,2018,3,Liberty,86.5,53.2,0,9.755751894,0.001996215,0.074468541,94.3
Chard_1103 Paulsen_4,C_88,Liberty,10,4,3,1103 Paulsen,Chard,7/3/18,2018,3,Liberty,86.5,53.2,0,22.36271936,0.009463515,0.416006376,83.6
Chard_1103 Paulsen_4,C_88,Liberty,10,4,3,1103 Paulsen,Chard,7/3/18,2018,3,Liberty,86.5,53.2,0,19.74555217,0.00890104,0.39027352,83.6
Chard_1103 Paulsen_4,C_89,Liberty,10,4,4,1103 Paulsen,Chard,7/3/18,2018,3,Liberty,86.5,53.2,0,20.00076428,0.008043666,0.346956227,87.6
Chard_1103 Paulsen_4,C_89,Liberty,10,4,4,1103 Paulsen,Chard,7/3/18,2018,3,Liberty,86.5,53.2,0,21.21210411,0.007758183,0.345766617,87.6
Chard_1103 Paulsen_4,C_90,Liberty,10,4,5,1103 Paulsen,Chard,7/3/18,2018,3,Liberty,86.5,53.2,0,17.07627686,0.010110193,0.45708805,87.75
Chard_1103 Paulsen_4,C_90,Liberty,10,4,5,1103 Paulsen,Chard,7/3/18,2018,3,Liberty,86.5,53.2,0,15.02094775,0.006245131,0.242746196,87.75
Chard_Freedom_4,C_91,Liberty,13,4,3,Freedom,Chard,7/3/18,2018,3,Liberty,86.5,53.2,0,16.32743476,0.005982124,0.249882671,90.45
Chard_Freedom_4,C_91,Liberty,13,4,3,Freedom,Chard,7/3/18,2018,3,Liberty,86.5,53.2,0,12.82142371,0.004468494,0.18239571,90.45
Chard_Freedom_4,C_92,Liberty,13,4,4,Freedom,Chard,7/3/18,2018,3,Liberty,86.5,53.2,0,20.04590016,0.007773954,0.340100443,83.75
Chard_Freedom_4,C_92,Liberty,13,4,4,Freedom,Chard,7/3/18,2018,3,Liberty,86.5,53.2,0,15.44204213,0.005166783,0.209449388,83.75
Chard_Freedom_4,C_93,Liberty,13,4,6,Freedom,Chard,7/3/18,2018,3,Liberty,86.5,53.2,0,10.22424677,0.003004789,0.116223532,89.6
Chard_Freedom_4,C_93,Liberty,13,4,6,Freedom,Chard,7/3/18,2018,3,Liberty,86.5,53.2,0,13.06026189,0.004510165,0.17976676,89.6
Chard_Teleki 5C_3,C_85,Liberty,9,3,3,Teleki 5C,Chard,7/3/18,2018,3,Liberty,86.5,53.2,0,13.28723906,0.003721001,0.150188265,102.75
Chard_Teleki 5C_3,C_85,Liberty,9,3,3,Teleki 5C,Chard,7/3/18,2018,3,Liberty,86.5,53.2,0,10.50750973,0.002911825,0.116520209,102.75
Chard_Teleki 5C_3,C_86,Liberty,9,3,4,Teleki 5C,Chard,7/3/18,2018,3,Liberty,86.5,53.2,0,3.698808593,0.001047165,0.040113663,97.2
Chard_Teleki 5C_3,C_86,Liberty,9,3,4,Teleki 5C,Chard,7/3/18,2018,3,Liberty,86.5,53.2,0,8.313530291,0.002023078,0.079429833,97.2
Chard_Teleki 5C_3,C_87,Liberty,9,3,5,Teleki 5C,Chard,7/3/18,2018,3,Liberty,86.5,53.2,0,14.88080591,0.004867962,0.202744307,94.55
Chard_Teleki 5C_3,C_87,Liberty,9,3,5,Teleki 5C,Chard,7/3/18,2018,3,Liberty,86.5,53.2,0,16.28678141,0.004385899,0.176991293,94.55
Cab_1103 Paulsen_2,C_130,Liberty,21,2,3,1103 Paulsen,Cab,7/10/18,2018,4,Liberty,97.7,57.6,0,16.14274797,0.00377725,0.141737157,100.3
Cab_1103 Paulsen_2,C_130,Liberty,21,2,3,1103 Paulsen,Cab,7/10/18,2018,4,Liberty,97.7,57.6,0,16.88285828,0.004248761,0.170492753,100.3
Cab_1103 Paulsen_2,C_131,Liberty,21,2,4,1103 Paulsen,Cab,7/10/18,2018,4,Liberty,97.7,57.6,0,16.20257245,0.004292098,0.172927644,96.5
Cab_1103 Paulsen_2,C_131,Liberty,21,2,4,1103 Paulsen,Cab,7/10/18,2018,4,Liberty,97.7,57.6,0,15.1188808,0.004234325,0.166749392,96.5
Cab_1103 Paulsen_2,C_132,Liberty,21,2,5,1103 Paulsen,Cab,7/10/18,2018,4,Liberty,97.7,57.6,0,14.60034858,0.003740579,0.147649581,99.95
Cab_1103 Paulsen_2,C_132,Liberty,21,2,5,1103 Paulsen,Cab,7/10/18,2018,4,Liberty,97.7,57.6,0,12.19624237,0.002912312,0.109132151,99.95
Cab_Freedom_3,C_133,Liberty,26,3,3,Freedom,Cab,7/10/18,2018,4,Liberty,97.7,57.6,0,15.0448491,0.003252279,0.121861671,97.1
Cab_Freedom_3,C_133,Liberty,26,3,3,Freedom,Cab,7/10/18,2018,4,Liberty,97.7,57.6,0,9.323113396,0.002083693,0.075426799,97.1
Cab_Freedom_3,C_134,Liberty,26,3,4,Freedom,Cab,7/10/18,2018,4,Liberty,97.7,57.6,0,11.68331871,0.002874062,0.102155757,105.85
Cab_Freedom_3,C_134,Liberty,26,3,4,Freedom,Cab,7/10/18,2018,4,Liberty,97.7,57.6,0,5.481872463,0.001059639,0.0366662,105.85
Cab_Freedom_3,C_135,Liberty,26,3,6,Freedom,Cab,7/10/18,2018,4,Liberty,97.7,57.6,0,8.851329944,0.001684628,0.059256879,97.75
Cab_Freedom_3,C_135,Liberty,26,3,6,Freedom,Cab,7/10/18,2018,4,Liberty,97.7,57.6,0,5.257611822,0.001054305,0.036232282,97.75
Cab_Teleki 5C_2,C_127,Liberty,20,2,3,Teleki 5C,Cab,7/10/18,2018,4,Liberty,97.7,57.6,0,9.110219793,0.001533083,0.056259575,89.95
Cab_Teleki 5C_2,C_127,Liberty,20,2,3,Teleki 5C,Cab,7/10/18,2018,4,Liberty,97.7,57.6,0,6.408382348,0.001095221,0.03970869,89.95
Cab_Teleki 5C_2,C_128,Liberty,20,2,4,Teleki 5C,Cab,7/10/18,2018,4,Liberty,97.7,57.6,0,6.525849282,0.001106123,0.039557784,95.4
Cab_Teleki 5C_2,C_128,Liberty,20,2,4,Teleki 5C,Cab,7/10/18,2018,4,Liberty,97.7,57.6,0,4.639366378,8.26E-04,0.030995893,95.4
Cab_Teleki 5C_2,C_129,Liberty,20,2,5,Teleki 5C,Cab,7/10/18,2018,4,Liberty,97.7,57.6,0,7.036713255,0.001402845,0.050357569,94.2
Cab_Teleki 5C_2,C_129,Liberty,20,2,5,Teleki 5C,Cab,7/10/18,2018,4,Liberty,97.7,57.6,0,9.431797996,0.002069101,0.075220325,94.2
Chard_1103 Paulsen_2,C_136,Liberty,5,2,4,1103 Paulsen,Chard,7/10/18,2018,4,Liberty,97.7,57.6,0,15.27885415,0.003741101,0.143806016,93.85
Chard_1103 Paulsen_2,C_136,Liberty,5,2,4,1103 Paulsen,Chard,7/10/18,2018,4,Liberty,97.7,57.6,0,11.1226316,0.002731612,0.101843573,93.85
Chard_1103 Paulsen_2,C_137,Liberty,5,2,6,1103 Paulsen,Chard,7/10/18,2018,4,Liberty,97.7,57.6,0,8.351796407,0.002424285,0.081951562,104.15
Chard_1103 Paulsen_2,C_137,Liberty,5,2,6,1103 Paulsen,Chard,7/10/18,2018,4,Liberty,97.7,57.6,0,13.32085671,0.003446393,0.126227632,104.15
Chard_1103 Paulsen_2,C_138,Liberty,5,2,8,1103 Paulsen,Chard,7/10/18,2018,4,Liberty,97.7,57.6,0,12.39775949,0.002804313,0.104562367,97
Chard_1103 Paulsen_2,C_138,Liberty,5,2,8,1103 Paulsen,Chard,7/10/18,2018,4,Liberty,97.7,57.6,0,9.953993732,0.002008172,0.0711375,97
Chard_Freedom_3,C_142,Liberty,12,3,3,Freedom,Chard,7/10/18,2018,4,Liberty,97.7,57.6,0,9.807949911,0.002718267,0.074296969,98.75
Chard_Freedom_3,C_142,Liberty,12,3,3,Freedom,Chard,7/10/18,2018,4,Liberty,97.7,57.6,0,7.748332597,0.002365227,0.061439763,98.75
Chard_Freedom_3,C_143,Liberty,12,3,4,Freedom,Chard,7/10/18,2018,4,Liberty,97.7,57.6,0,13.71603268,0.004497601,0.127868407,101.65
Chard_Freedom_3,C_143,Liberty,12,3,4,Freedom,Chard,7/10/18,2018,4,Liberty,97.7,57.6,0,11.76493421,0.004208323,0.121587701,101.65
Chard_Freedom_3,C_144,Liberty,12,3,6,Freedom,Chard,7/10/18,2018,4,Liberty,97.7,57.6,0,7.64883866,0.002409491,0.06151966,102.9
Chard_Freedom_3,C_144,Liberty,12,3,6,Freedom,Chard,7/10/18,2018,4,Liberty,97.7,57.6,0,8.273266003,0.002709846,0.069655983,102.9
Chard_Teleki 5C_2,C_139,Liberty,6,2,4,Teleki 5C,Chard,7/10/18,2018,4,Liberty,97.7,57.6,0,11.91791342,0.003452717,0.120807828,99.3
Chard_Teleki 5C_2,C_139,Liberty,6,2,4,Teleki 5C,Chard,7/10/18,2018,4,Liberty,97.7,57.6,0,8.377899751,0.002484169,0.08986639,99.3
Chard_Teleki 5C_2,C_140,Liberty,6,2,5,Teleki 5C,Chard,7/10/18,2018,4,Liberty,97.7,57.6,0,8.584515522,0.002203354,0.070260736,103.2
Chard_Teleki 5C_2,C_140,Liberty,6,2,5,Teleki 5C,Chard,7/10/18,2018,4,Liberty,97.7,57.6,0,7.37626149,0.002326855,0.079667436,103.2
Chard_Teleki 5C_2,C_141,Liberty,6,2,6,Teleki 5C,Chard,7/10/18,2018,4,Liberty,97.7,57.6,0,6.689200795,0.002463171,0.074563255,92.35
Chard_Teleki 5C_2,C_141,Liberty,6,2,6,Teleki 5C,Chard,7/10/18,2018,4,Liberty,97.7,57.6,0,6.507493697,0.002046891,0.057085778,92.35
Cab_1103 Paulsen_1,C_184,Liberty,19,1,3,1103 Paulsen,Cab,7/17/18,2018,5,Liberty,98,53.7,0,15.76647459,0.004051625,0.138772625,100.45
Cab_1103 Paulsen_1,C_184,Liberty,19,1,3,1103 Paulsen,Cab,7/17/18,2018,5,Liberty,98,53.7,0,8.088965943,0.001753158,0.05841951,100.45
Cab_1103 Paulsen_1,C_185,Liberty,19,1,4,1103 Paulsen,Cab,7/17/18,2018,5,Liberty,98,53.7,0,13.45387508,0.003415604,0.115555744,101.95
Cab_1103 Paulsen_1,C_185,Liberty,19,1,4,1103 Paulsen,Cab,7/17/18,2018,5,Liberty,98,53.7,0,15.36367214,0.004716625,0.180772605,101.95
Cab_1103 Paulsen_1,C_186,Liberty,19,1,5,1103 Paulsen,Cab,7/17/18,2018,5,Liberty,98,53.7,0,9.987062373,0.002125431,0.069274849,99.25
Cab_1103 Paulsen_1,C_186,Liberty,19,1,5,1103 Paulsen,Cab,7/17/18,2018,5,Liberty,98,53.7,0,14.10629413,0.003985696,0.141060305,99.25
Cab_Freedom_1,C_178,Liberty,16,1,4,Freedom,Cab,7/17/18,2018,5,Liberty,98,53.7,0,9.514582159,0.001542872,0.056156724,99.35
Cab_Freedom_1,C_178,Liberty,16,1,4,Freedom,Cab,7/17/18,2018,5,Liberty,98,53.7,0,11.98265182,0.002549293,0.094377388,99.35
Cab_Freedom_1,C_179,Liberty,16,1,5,Freedom,Cab,7/17/18,2018,5,Liberty,98,53.7,0,2.449436163,5.06E-04,0.017489347,98.05
Cab_Freedom_1,C_179,Liberty,16,1,5,Freedom,Cab,7/17/18,2018,5,Liberty,98,53.7,0,3.517573629,6.11E-04,0.021859101,98.05
Cab_Freedom_1,C_180,Liberty,16,1,7,Freedom,Cab,7/17/18,2018,5,Liberty,98,53.7,0,8.927776607,0.001513474,0.058124633,100.45
Cab_Freedom_1,C_180,Liberty,16,1,7,Freedom,Cab,7/17/18,2018,5,Liberty,98,53.7,0,5.964572452,9.40E-04,0.033559197,100.45
Cab_Teleki 5C_1,C_181,Liberty,17,1,3,Teleki 5C,Cab,7/17/18,2018,5,Liberty,98,53.7,0,14.22911488,0.003332418,0.1231909,101.65
Cab_Teleki 5C_1,C_181,Liberty,17,1,3,Teleki 5C,Cab,7/17/18,2018,5,Liberty,98,53.7,0,8.677357859,0.001677362,0.062640443,101.65
Cab_Teleki 5C_1,C_182,Liberty,17,1,4,Teleki 5C,Cab,7/17/18,2018,5,Liberty,98,53.7,0,6.286440471,0.001363961,0.049276985,103.6
Cab_Teleki 5C_1,C_182,Liberty,17,1,4,Teleki 5C,Cab,7/17/18,2018,5,Liberty,98,53.7,0,8.834663448,0.001984756,0.068110748,103.6
Cab_Teleki 5C_1,C_183,Liberty,17,1,6,Teleki 5C,Cab,7/17/18,2018,5,Liberty,98,53.7,0,12.26700565,0.002693394,0.099539416,108.95
Cab_Teleki 5C_1,C_183,Liberty,17,1,6,Teleki 5C,Cab,7/17/18,2018,5,Liberty,98,53.7,0,11.43928539,0.002978262,0.105341426,108.95
Chard_1103 Paulsen_1,C_172,Liberty,4,1,3,1103 Paulsen,Chard,7/17/18,2018,5,Liberty,98,53.7,0,18.28557829,0.009393031,0.428737982,87.95
Chard_1103 Paulsen_1,C_172,Liberty,4,1,3,1103 Paulsen,Chard,7/17/18,2018,5,Liberty,98,53.7,0,9.842068952,0.003396012,0.134452181,87.95
Chard_1103 Paulsen_1,C_173,Liberty,4,1,4,1103 Paulsen,Chard,7/17/18,2018,5,Liberty,98,53.7,0,21.72769185,0.007978223,0.350674629,87.55
Chard_1103 Paulsen_1,C_173,Liberty,4,1,4,1103 Paulsen,Chard,7/17/18,2018,5,Liberty,98,53.7,0,16.96740971,0.005436538,0.219093888,87.55
Chard_1103 Paulsen_1,C_174,Liberty,4,1,5,1103 Paulsen,Chard,7/17/18,2018,5,Liberty,98,53.7,0,19.63624236,0.008109424,0.352352262,90.15
Chard_1103 Paulsen_1,C_174,Liberty,4,1,5,1103 Paulsen,Chard,7/17/18,2018,5,Liberty,98,53.7,0,15.40396321,0.005262541,0.209162886,90.15
Chard_Freedom_2,C_175,Liberty,8,2,2,Freedom,Chard,7/17/18,2018,5,Liberty,98,53.7,0,17.26675288,0.005892191,0.235569554,92.65
Chard_Freedom_2,C_175,Liberty,8,2,2,Freedom,Chard,7/17/18,2018,5,Liberty,98,53.7,0,13.39460896,0.003762188,0.145936064,92.65
Chard_Freedom_2,C_176,Liberty,8,2,4,Freedom,Chard,7/17/18,2018,5,Liberty,98,53.7,0,6.315226326,0.001522182,0.054393209,103.45
Chard_Freedom_2,C_176,Liberty,8,2,4,Freedom,Chard,7/17/18,2018,5,Liberty,98,53.7,0,15.62805378,0.004725515,0.188440621,103.45
Chard_Freedom_2,C_177,Liberty,8,2,5,Freedom,Chard,7/17/18,2018,5,Liberty,98,53.7,0,18.02604087,0.005302903,0.212613474,90.85
Chard_Freedom_2,C_177,Liberty,8,2,5,Freedom,Chard,7/17/18,2018,5,Liberty,98,53.7,0,15.91644777,0.0048971,0.19678646,90.85
Chard_Teleki 5C_1,C_169,Liberty,2,1,2,Teleki 5C,Chard,7/17/18,2018,5,Liberty,98,53.7,0,15.63758002,0.003963133,0.160593949,95.7
Chard_Teleki 5C_1,C_169,Liberty,2,1,2,Teleki 5C,Chard,7/17/18,2018,5,Liberty,98,53.7,0,13.12088647,0.003076098,0.119814034,95.7
Chard_Teleki 5C_1,C_170,Liberty,2,1,3,Teleki 5C,Chard,7/17/18,2018,5,Liberty,98,53.7,0,15.35014188,0.004056649,0.165665419,87.6
Chard_Teleki 5C_1,C_170,Liberty,2,1,3,Teleki 5C,Chard,7/17/18,2018,5,Liberty,98,53.7,0,10.96676437,0.002880812,0.113878222,87.6
Chard_Teleki 5C_1,C_171,Liberty,2,1,5,Teleki 5C,Chard,7/17/18,2018,5,Liberty,98,53.7,0,19.75924179,0.007158043,0.306083092,93.2
Chard_Teleki 5C_1,C_171,Liberty,2,1,5,Teleki 5C,Chard,7/17/18,2018,5,Liberty,98,53.7,0,18.94606524,0.005991998,0.252909307,93.2
Cab_1103 Paulsen_2,C_214,Liberty,21,2,3,1103 Paulsen,Cab,7/24/18,2018,6,Liberty,97.5,58.5,0,14.58600271,0.003827958,0.156539421,95.25
Cab_1103 Paulsen_2,C_214,Liberty,21,2,3,1103 Paulsen,Cab,7/24/18,2018,6,Liberty,97.5,58.5,0,10.96779803,0.002887281,0.11284951,95.25
Cab_1103 Paulsen_2,C_215,Liberty,21,2,4,1103 Paulsen,Cab,7/24/18,2018,6,Liberty,97.5,58.5,0,15.41601912,0.004079091,0.1584461,94.85
Cab_1103 Paulsen_2,C_215,Liberty,21,2,4,1103 Paulsen,Cab,7/24/18,2018,6,Liberty,97.5,58.5,0,15.32201907,0.004130479,0.168914744,94.85
Cab_1103 Paulsen_2,C_216,Liberty,21,2,5,1103 Paulsen,Cab,7/24/18,2018,6,Liberty,97.5,58.5,0,11.23366326,0.002957938,0.113359037,92.4
Cab_1103 Paulsen_2,C_216,Liberty,21,2,5,1103 Paulsen,Cab,7/24/18,2018,6,Liberty,97.5,58.5,0,13.65968977,0.00356795,0.1385307,92.4
Cab_Freedom_3,C_217,Liberty,26,3,3,Freedom,Cab,7/24/18,2018,6,Liberty,97.5,58.5,0,4.184440098,7.41E-04,0.027804774,99.55
Cab_Freedom_3,C_217,Liberty,26,3,3,Freedom,Cab,7/24/18,2018,6,Liberty,97.5,58.5,0,5.03804748,4.52E-04,0.016824249,99.55
Cab_Freedom_3,C_218,Liberty,26,3,4,Freedom,Cab,7/24/18,2018,6,Liberty,97.5,58.5,0,19.19054487,0.00664755,0.272101421,91.2
Cab_Freedom_3,C_218,Liberty,26,3,4,Freedom,Cab,7/24/18,2018,6,Liberty,97.5,58.5,0,17.64302123,0.006144977,0.254937273,91.2
Cab_Freedom_3,C_219,Liberty,26,3,6,Freedom,Cab,7/24/18,2018,6,Liberty,97.5,58.5,0,17.09072177,0.004509409,0.189783676,91.65
Cab_Freedom_3,C_219,Liberty,26,3,6,Freedom,Cab,7/24/18,2018,6,Liberty,97.5,58.5,0,15.76383244,0.004317625,0.176129705,91.65
Cab_Teleki 5C_2,C_211,Liberty,20,2,3,Teleki 5C,Cab,7/24/18,2018,6,Liberty,97.5,58.5,0,7.847674941,0.001698275,0.058199436,95.55
Cab_Teleki 5C_2,C_211,Liberty,20,2,3,Teleki 5C,Cab,7/24/18,2018,6,Liberty,97.5,58.5,0,4.969807427,0.001067844,0.035537908,95.55
Cab_Teleki 5C_2,C_212,Liberty,20,2,4,Teleki 5C,Cab,7/24/18,2018,6,Liberty,97.5,58.5,0,8.3799489,0.002112192,0.072922401,102.7
Cab_Teleki 5C_2,C_212,Liberty,20,2,4,Teleki 5C,Cab,7/24/18,2018,6,Liberty,97.5,58.5,0,7.397071678,0.00155461,0.053694025,102.7
Cab_Teleki 5C_2,C_213,Liberty,20,2,5,Teleki 5C,Cab,7/24/18,2018,6,Liberty,97.5,58.5,0,9.836285825,0.002158152,0.073377941,106.5
Cab_Teleki 5C_2,C_213,Liberty,20,2,5,Teleki 5C,Cab,7/24/18,2018,6,Liberty,97.5,58.5,0,5.025875836,0.001315722,0.045662899,106.5
Chard_1103 Paulsen_2,C_220,Liberty,5,2,4,1103 Paulsen,Chard,7/24/18,2018,6,Liberty,97.5,58.5,0,12.8841796,0.004106176,0.165698843,91
Chard_1103 Paulsen_2,C_220,Liberty,5,2,4,1103 Paulsen,Chard,7/24/18,2018,6,Liberty,97.5,58.5,0,11.12540227,0.002678301,0.105588902,91
Chard_1103 Paulsen_2,C_221,Liberty,5,2,6,1103 Paulsen,Chard,7/24/18,2018,6,Liberty,97.5,58.5,0,13.10713196,0.003373156,0.135060761,93.85
Chard_1103 Paulsen_2,C_221,Liberty,5,2,6,1103 Paulsen,Chard,7/24/18,2018,6,Liberty,97.5,58.5,0,16.72470372,0.004261212,0.172052749,93.85
Chard_1103 Paulsen_2,C_222,Liberty,5,2,8,1103 Paulsen,Chard,7/24/18,2018,6,Liberty,97.5,58.5,0,17.11361438,0.00424469,0.169206668,94.4
Chard_1103 Paulsen_2,C_222,Liberty,5,2,8,1103 Paulsen,Chard,7/24/18,2018,6,Liberty,97.5,58.5,0,13.18899604,0.002955193,0.113159801,94.4
Chard_Freedom_3,C_226,Liberty,12,3,3,Freedom,Chard,7/24/18,2018,6,Liberty,97.5,58.5,0,14.51967355,0.003706616,0.146730659,94.15
Chard_Freedom_3,C_226,Liberty,12,3,3,Freedom,Chard,7/24/18,2018,6,Liberty,97.5,58.5,0,10.92803372,0.003001972,0.116030433,94.15
Chard_Freedom_3,C_227,Liberty,12,3,4,Freedom,Chard,7/24/18,2018,6,Liberty,97.5,58.5,0,9.065946019,0.002311165,0.088427709,91.05
Chard_Freedom_3,C_227,Liberty,12,3,4,Freedom,Chard,7/24/18,2018,6,Liberty,97.5,58.5,0,6.680453755,0.001590076,0.056301215,91.05
Chard_Freedom_3,C_228,Liberty,12,3,6,Freedom,Chard,7/24/18,2018,6,Liberty,97.5,58.5,0,13.66981381,0.003636561,0.133348359,95.3
Chard_Freedom_3,C_228,Liberty,12,3,6,Freedom,Chard,7/24/18,2018,6,Liberty,97.5,58.5,0,18.19028305,0.006042429,0.255021841,95.3
Chard_Teleki 5C_2,C_223,Liberty,6,2,4,Teleki 5C,Chard,7/24/18,2018,6,Liberty,97.5,58.5,0,13.02115634,0.003572818,0.142458107,92.3
Chard_Teleki 5C_2,C_223,Liberty,6,2,4,Teleki 5C,Chard,7/24/18,2018,6,Liberty,97.5,58.5,0,12.99019137,0.004155278,0.168019092,92.3
Chard_Teleki 5C_2,C_224,Liberty,6,2,5,Teleki 5C,Chard,7/24/18,2018,6,Liberty,97.5,58.5,0,11.73951925,0.003387059,0.136046675,93.9
Chard_Teleki 5C_2,C_224,Liberty,6,2,5,Teleki 5C,Chard,7/24/18,2018,6,Liberty,97.5,58.5,0,9.625278511,0.002271781,0.08777751,93.9
Chard_Teleki 5C_2,C_225,Liberty,6,2,6,Teleki 5C,Chard,7/24/18,2018,6,Liberty,97.5,58.5,0,11.59195071,0.002773162,0.108982948,91.8
Chard_Teleki 5C_2,C_225,Liberty,6,2,6,Teleki 5C,Chard,7/24/18,2018,6,Liberty,97.5,58.5,0,12.44710881,0.003185837,0.126854847,91.8
Cab_1103 Paulsen_3,C_265,Liberty,23,3,3,1103 Paulsen,Cab,7/31/18,2018,7,Liberty,93.4,56.6,0,8.323437798,0.001590353,0.060014456,99.95
Cab_1103 Paulsen_3,C_265,Liberty,23,3,3,1103 Paulsen,Cab,7/31/18,2018,7,Liberty,93.4,56.6,0,4.552967392,7.14E-04,0.026532418,99.95
Cab_1103 Paulsen_3,C_266,Liberty,23,3,5,1103 Paulsen,Cab,7/31/18,2018,7,Liberty,93.4,56.6,0,5.205601924,5.89E-04,0.022944006,97.2
Cab_1103 Paulsen_3,C_266,Liberty,23,3,5,1103 Paulsen,Cab,7/31/18,2018,7,Liberty,93.4,56.6,0,6.057986901,9.61E-04,0.033947677,97.2
Cab_1103 Paulsen_3,C_267,Liberty,23,3,6,1103 Paulsen,Cab,7/31/18,2018,7,Liberty,93.4,56.6,0,8.888030716,0.001838766,0.071107993,96.3
Cab_1103 Paulsen_3,C_267,Liberty,23,3,6,1103 Paulsen,Cab,7/31/18,2018,7,Liberty,93.4,56.6,0,6.227424985,0.001126938,0.041796974,96.3
Cab_Freedom_3,C_268,Liberty,26,3,3,Freedom,Cab,7/31/18,2018,7,Liberty,93.4,56.6,0,7.845117981,0.001573494,0.060025686,100.35
Cab_Freedom_3,C_268,Liberty,26,3,3,Freedom,Cab,7/31/18,2018,7,Liberty,93.4,56.6,0,6.311610613,7.12E-04,0.027109221,100.35
Cab_Freedom_3,C_269,Liberty,26,3,4,Freedom,Cab,7/31/18,2018,7,Liberty,93.4,56.6,0,12.6061554,0.002480291,0.095400006,93.85
Cab_Freedom_3,C_269,Liberty,26,3,4,Freedom,Cab,7/31/18,2018,7,Liberty,93.4,56.6,0,7.988206143,0.001823819,0.072439096,93.85
Cab_Freedom_3,C_270,Liberty,26,3,6,Freedom,Cab,7/31/18,2018,7,Liberty,93.4,56.6,0,13.01954631,0.003534006,0.14105059,90.45
Cab_Freedom_3,C_270,Liberty,26,3,6,Freedom,Cab,7/31/18,2018,7,Liberty,93.4,56.6,0,16.98860715,0.004140981,0.156452892,90.45
Cab_Teleki 5C_3,C_262,Liberty,22,3,4,Teleki 5C,Cab,7/31/18,2018,7,Liberty,93.4,56.6,0,4.944728598,0.001300406,0.050220681,99.4
Cab_Teleki 5C_3,C_262,Liberty,22,3,4,Teleki 5C,Cab,7/31/18,2018,7,Liberty,93.4,56.6,0,5.287881392,0.001410339,0.053671159,99.4
Cab_Teleki 5C_3,C_263,Liberty,22,3,5,Teleki 5C,Cab,7/31/18,2018,7,Liberty,93.4,56.6,0,4.699454149,5.05E-04,0.017837288,102.6
Cab_Teleki 5C_3,C_263,Liberty,22,3,5,Teleki 5C,Cab,7/31/18,2018,7,Liberty,93.4,56.6,0,5.371868557,9.44E-04,0.034955326,102.6
Cab_Teleki 5C_3,C_264,Liberty,22,3,6,Teleki 5C,Cab,7/31/18,2018,7,Liberty,93.4,56.6,0,10.21134719,0.002083373,0.076951414,93.55
Cab_Teleki 5C_3,C_264,Liberty,22,3,6,Teleki 5C,Cab,7/31/18,2018,7,Liberty,93.4,56.6,0,7.192640458,0.001189404,0.044451845,93.55
Chard_1103 Paulsen_4,C_256,Liberty,10,4,3,1103 Paulsen,Chard,7/31/18,2018,7,Liberty,93.4,56.6,0,16.01082262,0.004023941,0.158055239,87.4
Chard_1103 Paulsen_4,C_256,Liberty,10,4,3,1103 Paulsen,Chard,7/31/18,2018,7,Liberty,93.4,56.6,0,11.83767529,0.002400355,0.091528408,87.4
Chard_1103 Paulsen_4,C_257,Liberty,10,4,4,1103 Paulsen,Chard,7/31/18,2018,7,Liberty,93.4,56.6,0,10.18000882,0.001941639,0.075760811,91.05
Chard_1103 Paulsen_4,C_257,Liberty,10,4,4,1103 Paulsen,Chard,7/31/18,2018,7,Liberty,93.4,56.6,0,11.16050968,0.002069828,0.080903456,91.05
Chard_1103 Paulsen_4,C_258,Liberty,10,4,5,1103 Paulsen,Chard,7/31/18,2018,7,Liberty,93.4,56.6,0,11.75763323,0.002712569,0.108404207,89
Chard_1103 Paulsen_4,C_258,Liberty,10,4,5,1103 Paulsen,Chard,7/31/18,2018,7,Liberty,93.4,56.6,0,11.55626842,0.00271608,0.108882259,89
Chard_Freedom_4,C_259,Liberty,13,4,3,Freedom,Chard,7/31/18,2018,7,Liberty,93.4,56.6,0,10.12735159,0.002473909,0.097181658,89.65
Chard_Freedom_4,C_259,Liberty,13,4,3,Freedom,Chard,7/31/18,2018,7,Liberty,93.4,56.6,0,8.490904932,0.00229962,0.09210068,89.65
Chard_Freedom_4,C_260,Liberty,13,4,4,Freedom,Chard,7/31/18,2018,7,Liberty,93.4,56.6,0,7.60387245,0.001636849,0.062315192,92.75
Chard_Freedom_4,C_260,Liberty,13,4,4,Freedom,Chard,7/31/18,2018,7,Liberty,93.4,56.6,0,9.070427739,0.001443876,0.055324093,92.75
Chard_Freedom_4,C_261,Liberty,13,4,6,Freedom,Chard,7/31/18,2018,7,Liberty,93.4,56.6,0,5.936847529,9.56E-04,0.036134415,94.85
Chard_Freedom_4,C_261,Liberty,13,4,6,Freedom,Chard,7/31/18,2018,7,Liberty,93.4,56.6,0,6.842883156,0.001111353,0.043647662,94.85
Chard_Teleki 5C_3,C_253,Liberty,9,3,3,Teleki 5C,Chard,7/31/18,2018,7,Liberty,93.4,56.6,0,8.946012569,0.001824477,0.070412399,88.25
Chard_Teleki 5C_3,C_253,Liberty,9,3,3,Teleki 5C,Chard,7/31/18,2018,7,Liberty,93.4,56.6,0,7.780213614,0.001475998,0.05560709,88.25
Chard_Teleki 5C_3,C_254,Liberty,9,3,4,Teleki 5C,Chard,7/31/18,2018,7,Liberty,93.4,56.6,0,8.582023149,0.001710463,0.065644297,88.1
Chard_Teleki 5C_3,C_254,Liberty,9,3,4,Teleki 5C,Chard,7/31/18,2018,7,Liberty,93.4,56.6,0,7.667793935,0.001411309,0.055554972,88.1
Chard_Teleki 5C_3,C_255,Liberty,9,3,5,Teleki 5C,Chard,7/31/18,2018,7,Liberty,93.4,56.6,0,9.349731821,0.001935102,0.074284875,85.3
Chard_Teleki 5C_3,C_255,Liberty,9,3,5,Teleki 5C,Chard,7/31/18,2018,7,Liberty,93.4,56.6,0,8.691529727,0.001743359,0.068772429,85.3
Cab_1103 Paulsen_3,C_298,Liberty,23,3,3,1103 Paulsen,Cab,8/6/18,2018,8,Liberty,92.9,53.2,0,9.166672058,0.00222255,0.076060634,91.85
Cab_1103 Paulsen_3,C_298,Liberty,23,3,3,1103 Paulsen,Cab,8/6/18,2018,8,Liberty,92.9,53.2,0,7.826148768,0.001636888,0.055899309,91.85
Cab_1103 Paulsen_3,C_299,Liberty,23,3,5,1103 Paulsen,Cab,8/6/18,2018,8,Liberty,92.9,53.2,0,6.690693756,0.001536608,0.052656961,93.1
Cab_1103 Paulsen_3,C_299,Liberty,23,3,5,1103 Paulsen,Cab,8/6/18,2018,8,Liberty,92.9,53.2,0,3.877480447,9.53E-04,0.031000887,93.1
Cab_1103 Paulsen_3,C_300,Liberty,23,3,6,1103 Paulsen,Cab,8/6/18,2018,8,Liberty,92.9,53.2,0,11.04438444,0.002412339,0.086273901,92.75
Cab_1103 Paulsen_3,C_300,Liberty,23,3,6,1103 Paulsen,Cab,8/6/18,2018,8,Liberty,92.9,53.2,0,9.770086408,0.00225148,0.081607566,92.75
Cab_Freedom_4,C_301,Liberty,26,4,2,Freedom,Cab,8/6/18,2018,8,Liberty,92.9,53.2,0,4.097166969,9.67E-04,0.034073262,92.5
Cab_Freedom_4,C_301,Liberty,26,4,2,Freedom,Cab,8/6/18,2018,8,Liberty,92.9,53.2,0,10.20116439,0.002010257,0.075995404,92.5
Cab_Freedom_4,C_302,Liberty,26,4,5,Freedom,Cab,8/6/18,2018,8,Liberty,92.9,53.2,0,11.79914944,0.002530673,0.099027491,93.1
Cab_Freedom_4,C_302,Liberty,26,4,5,Freedom,Cab,8/6/18,2018,8,Liberty,92.9,53.2,0,9.134685225,0.002086845,0.077585079,93.1
Cab_Freedom_4,C_303,Liberty,26,4,6,Freedom,Cab,8/6/18,2018,8,Liberty,92.9,53.2,0,6.45576061,0.001331476,0.046059252,98.1
Cab_Freedom_4,C_303,Liberty,26,4,6,Freedom,Cab,8/6/18,2018,8,Liberty,92.9,53.2,0,4.652765668,0.001071657,0.037457668,98.1
Cab_Teleki 5C_3,C_295,Liberty,22,3,4,Teleki 5C,Cab,8/6/18,2018,8,Liberty,92.9,53.2,0,13.23438984,0.003791133,0.125141451,87
Cab_Teleki 5C_3,C_295,Liberty,22,3,4,Teleki 5C,Cab,8/6/18,2018,8,Liberty,92.9,53.2,0,10.52879106,0.002959331,0.09758603,87
Cab_Teleki 5C_3,C_296,Liberty,22,3,5,Teleki 5C,Cab,8/6/18,2018,8,Liberty,92.9,53.2,0,12.80825993,0.003896152,0.132697633,88.7
Cab_Teleki 5C_3,C_296,Liberty,22,3,5,Teleki 5C,Cab,8/6/18,2018,8,Liberty,92.9,53.2,0,11.77518985,0.003481237,0.120565448,88.7
Cab_Teleki 5C_3,C_297,Liberty,22,3,6,Teleki 5C,Cab,8/6/18,2018,8,Liberty,92.9,53.2,0,13.38375703,0.00459146,0.166685377,88.65
Cab_Teleki 5C_3,C_297,Liberty,22,3,6,Teleki 5C,Cab,8/6/18,2018,8,Liberty,92.9,53.2,0,13.76956769,0.004184316,0.152939909,88.65
Chard_1103 Paulsen_4,C_307,Liberty,10,4,3,1103 Paulsen,Chard,8/6/18,2018,8,Liberty,92.9,53.2,0,9.878494812,0.003601471,0.13026031,103.05
Chard_1103 Paulsen_4,C_307,Liberty,10,4,3,1103 Paulsen,Chard,8/6/18,2018,8,Liberty,92.9,53.2,0,1.221234609,0.001016215,0.033270876,103.05
Chard_1103 Paulsen_4,C_308,Liberty,10,4,4,1103 Paulsen,Chard,8/6/18,2018,8,Liberty,92.9,53.2,0,6.084003548,0.001591164,0.052910077,98.55
Chard_1103 Paulsen_4,C_308,Liberty,10,4,4,1103 Paulsen,Chard,8/6/18,2018,8,Liberty,92.9,53.2,0,6.834579799,0.001846274,0.059310876,98.55
Chard_1103 Paulsen_4,C_309,Liberty,10,4,5,1103 Paulsen,Chard,8/6/18,2018,8,Liberty,92.9,53.2,0,3.539576425,0.001198217,0.035831734,102.65
Chard_1103 Paulsen_4,C_309,Liberty,10,4,5,1103 Paulsen,Chard,8/6/18,2018,8,Liberty,92.9,53.2,0,3.491102261,9.12E-04,0.025213048,102.65
Chard_Freedom_4,C_310,Liberty,13,4,3,Freedom,Chard,8/6/18,2018,8,Liberty,92.9,53.2,0,6.663890211,0.002154992,0.063423354,102.75
Chard_Freedom_4,C_310,Liberty,13,4,3,Freedom,Chard,8/6/18,2018,8,Liberty,92.9,53.2,0,7.359570433,0.00253995,0.079726099,102.75
Chard_Freedom_4,C_311,Liberty,13,4,4,Freedom,Chard,8/6/18,2018,8,Liberty,92.9,53.2,0,5.697248711,0.001760251,0.05439136,105.55
Chard_Freedom_4,C_311,Liberty,13,4,4,Freedom,Chard,8/6/18,2018,8,Liberty,92.9,53.2,0,3.415055161,0.001153436,0.03394792,105.55
Chard_Freedom_4,C_312,Liberty,13,4,6,Freedom,Chard,8/6/18,2018,8,Liberty,92.9,53.2,0,3.935632441,0.001197005,0.03244504,102.3
Chard_Freedom_4,C_312,Liberty,13,4,6,Freedom,Chard,8/6/18,2018,8,Liberty,92.9,53.2,0,5.421222559,0.001688028,0.050705048,102.3
Chard_Teleki 5C_3,C_304,Liberty,9,3,3,Teleki 5C,Chard,8/6/18,2018,8,Liberty,92.9,53.2,0,9.491944942,0.002605399,0.076090519,100.9
Chard_Teleki 5C_3,C_304,Liberty,9,3,3,Teleki 5C,Chard,8/6/18,2018,8,Liberty,92.9,53.2,0,8.190116119,0.002179338,0.068146944,100.9
Chard_Teleki 5C_3,C_305,Liberty,9,3,4,Teleki 5C,Chard,8/6/18,2018,8,Liberty,92.9,53.2,0,7.168295629,0.001727012,0.055406948,99.5
Chard_Teleki 5C_3,C_305,Liberty,9,3,4,Teleki 5C,Chard,8/6/18,2018,8,Liberty,92.9,53.2,0,5.107892636,0.001129684,0.037275287,99.5
Chard_Teleki 5C_3,C_306,Liberty,9,3,5,Teleki 5C,Chard,8/6/18,2018,8,Liberty,92.9,53.2,0,6.09551598,0.00137654,0.046271738,98.45
Chard_Teleki 5C_3,C_306,Liberty,9,3,5,Teleki 5C,Chard,8/6/18,2018,8,Liberty,92.9,53.2,0,6.593983572,0.00168772,0.058387122,98.45
Cab_1103 Paulsen_2,C_340,Liberty,21,2,3,1103 Paulsen,Cab,6/17/19,2019,1,Liberty,93.8,55.2,0,26.31039677,0.009480373,0.418847048,85.45
Cab_1103 Paulsen_2,C_340,Liberty,21,2,3,1103 Paulsen,Cab,6/17/19,2019,1,Liberty,93.8,55.2,0,26.56328599,0.008893356,0.380518159,85.45
Cab_1103 Paulsen_2,C_341,Liberty,21,2,4,1103 Paulsen,Cab,6/17/19,2019,1,Liberty,93.8,55.2,0,26.62312691,0.010633756,0.477597778,82.9
Cab_1103 Paulsen_2,C_341,Liberty,21,2,4,1103 Paulsen,Cab,6/17/19,2019,1,Liberty,93.8,55.2,0,24.09868613,0.009357248,0.405550484,82.9
Cab_1103 Paulsen_2,C_342,Liberty,21,2,5,1103 Paulsen,Cab,6/17/19,2019,1,Liberty,93.8,55.2,0,25.52351308,0.00981193,0.421232268,85.45
Cab_1103 Paulsen_2,C_342,Liberty,21,2,5,1103 Paulsen,Cab,6/17/19,2019,1,Liberty,93.8,55.2,0,24.74767889,0.009388004,0.4048478,85.45
Cab_Freedom_3,C_343,Liberty,26,3,3,Freedom,Cab,6/17/19,2019,1,Liberty,93.8,55.2,0,17.79433823,0.005869137,0.237074569,85.05
Cab_Freedom_3,C_343,Liberty,26,3,3,Freedom,Cab,6/17/19,2019,1,Liberty,93.8,55.2,0,19.63088507,0.007044737,0.295229565,85.05
Cab_Freedom_3,C_344,Liberty,26,3,4,Freedom,Cab,6/17/19,2019,1,Liberty,93.8,55.2,0,21.35431724,0.006365801,0.256846457,87.75
Cab_Freedom_3,C_344,Liberty,26,3,4,Freedom,Cab,6/17/19,2019,1,Liberty,93.8,55.2,0,21.60627243,0.00720715,0.301740786,87.75
Cab_Freedom_3,C_345,Liberty,26,3,6,Freedom,Cab,6/17/19,2019,1,Liberty,93.8,55.2,0,15.67903372,0.003816322,0.149277341,88.8
Cab_Freedom_3,C_345,Liberty,26,3,6,Freedom,Cab,6/17/19,2019,1,Liberty,93.8,55.2,0,21.08962568,0.006150629,0.248307812,88.8
Cab_Teleki 5C_2,C_337,Liberty,20,2,3,Teleki 5C,Cab,6/17/19,2019,1,Liberty,93.8,55.2,0,19.64783901,0.00557753,0.221564903,83.4
Cab_Teleki 5C_2,C_337,Liberty,20,2,3,Teleki 5C,Cab,6/17/19,2019,1,Liberty,93.8,55.2,0,19.91907831,0.006274656,0.256520802,83.4
Cab_Teleki 5C_2,C_338,Liberty,20,2,4,Teleki 5C,Cab,6/17/19,2019,1,Liberty,93.8,55.2,0,20.38587334,0.006650487,0.28181694,79.75
Cab_Teleki 5C_2,C_338,Liberty,20,2,4,Teleki 5C,Cab,6/17/19,2019,1,Liberty,93.8,55.2,0,21.1755578,0.007074524,0.292702183,79.75
Cab_Teleki 5C_2,C_339,Liberty,20,2,5,Teleki 5C,Cab,6/17/19,2019,1,Liberty,93.8,55.2,0,24.4681792,0.008551952,0.3537444,87.75
Cab_Teleki 5C_2,C_339,Liberty,20,2,5,Teleki 5C,Cab,6/17/19,2019,1,Liberty,93.8,55.2,0,11.98539418,0.002312253,0.087694544,87.75
Chard_1103 Paulsen_2,C_346,Liberty,5,2,4,1103 Paulsen,Chard,6/17/19,2019,1,Liberty,93.8,55.2,0,26.23882689,0.012042048,0.579300486,85.5
Chard_1103 Paulsen_2,C_346,Liberty,5,2,4,1103 Paulsen,Chard,6/17/19,2019,1,Liberty,93.8,55.2,0,20.50711201,0.006666306,0.273774999,85.5
Chard_1103 Paulsen_2,C_347,Liberty,5,2,6,1103 Paulsen,Chard,6/17/19,2019,1,Liberty,93.8,55.2,0,28.16202543,0.013967094,0.707193188,86.25
Chard_1103 Paulsen_2,C_347,Liberty,5,2,6,1103 Paulsen,Chard,6/17/19,2019,1,Liberty,93.8,55.2,0,16.64432671,0.005981832,0.242704929,86.25
Chard_1103 Paulsen_2,C_348,Liberty,5,2,7,1103 Paulsen,Chard,6/17/19,2019,1,Liberty,93.8,55.2,0,11.27162328,0.002173746,0.083541102,85.05
Chard_1103 Paulsen_2,C_348,Liberty,5,2,7,1103 Paulsen,Chard,6/17/19,2019,1,Liberty,93.8,55.2,0,17.40879333,0.00658806,0.286069567,85.05
Chard_Freedom_3,C_352,Liberty,12,3,3,Freedom,Chard,6/17/19,2019,1,Liberty,93.8,55.2,0,20.51597773,0.009197269,0.393952078,91.4
Chard_Freedom_3,C_352,Liberty,12,3,3,Freedom,Chard,6/17/19,2019,1,Liberty,93.8,55.2,0,21.69352384,0.01056546,0.469377212,91.4
Chard_Freedom_3,C_353,Liberty,12,3,4,Freedom,Chard,6/17/19,2019,1,Liberty,93.8,55.2,0,14.48745801,0.004437008,0.174462774,94.05
Chard_Freedom_3,C_353,Liberty,12,3,4,Freedom,Chard,6/17/19,2019,1,Liberty,93.8,55.2,0,18.4821584,0.005676266,0.227812512,94.05
Chard_Freedom_3,C_354,Liberty,12,3,6,Freedom,Chard,6/17/19,2019,1,Liberty,93.8,55.2,0,19.33843679,0.006846181,0.288655848,90.5
Chard_Freedom_3,C_354,Liberty,12,3,6,Freedom,Chard,6/17/19,2019,1,Liberty,93.8,55.2,0,15.01218354,0.004981561,0.193102054,90.5
Chard_Teleki 5C_2,C_349,Liberty,6,2,3,Teleki 5C,Chard,6/17/19,2019,1,Liberty,93.8,55.2,0,21.1973339,0.010217585,0.44779906,83.85
Chard_Teleki 5C_2,C_349,Liberty,6,2,3,Teleki 5C,Chard,6/17/19,2019,1,Liberty,93.8,55.2,0,13.1820697,0.003603015,0.138139906,83.85
Chard_Teleki 5C_2,C_350,Liberty,6,2,4,Teleki 5C,Chard,6/17/19,2019,1,Liberty,93.8,55.2,0,19.84413357,0.00653775,0.271974787,88.25
Chard_Teleki 5C_2,C_350,Liberty,6,2,4,Teleki 5C,Chard,6/17/19,2019,1,Liberty,93.8,55.2,0,20.3456889,0.006391844,0.262763806,88.25
Chard_Teleki 5C_2,C_351,Liberty,6,2,5,Teleki 5C,Chard,6/17/19,2019,1,Liberty,93.8,55.2,0,18.00347096,0.005747281,0.233656456,89.1
Chard_Teleki 5C_2,C_351,Liberty,6,2,5,Teleki 5C,Chard,6/17/19,2019,1,Liberty,93.8,55.2,0,16.23208064,0.004179858,0.164152488,89.1
Cab_1103 Paulsen_3,C_391,Liberty,23,3,3,1103 Paulsen,Cab,6/25/19,2019,2,Liberty,89.6,54.4,0,24.60271959,0.009342633,0.398556129,85.7
Cab_1103 Paulsen_3,C_391,Liberty,23,3,3,1103 Paulsen,Cab,6/25/19,2019,2,Liberty,89.6,54.4,0,21.98811894,0.00842526,0.36099527,85.7
Cab_1103 Paulsen_3,C_392,Liberty,23,3,5,1103 Paulsen,Cab,6/25/19,2019,2,Liberty,89.6,54.4,0,21.47878991,0.008665878,0.393790821,82.75
Cab_1103 Paulsen_3,C_392,Liberty,23,3,5,1103 Paulsen,Cab,6/25/19,2019,2,Liberty,89.6,54.4,0,17.61645968,0.005227925,0.211257246,82.75
Cab_1103 Paulsen_3,C_393,Liberty,23,3,6,1103 Paulsen,Cab,6/25/19,2019,2,Liberty,89.6,54.4,0,23.04564934,0.007444405,0.308534837,88.45
Cab_1103 Paulsen_3,C_393,Liberty,23,3,6,1103 Paulsen,Cab,6/25/19,2019,2,Liberty,89.6,54.4,0,15.91404225,0.003560554,0.136227475,88.45
Cab_Freedom_4,C_394,Liberty,26,4,2,Freedom,Cab,6/25/19,2019,2,Liberty,89.6,54.4,0,13.1688751,0.002796068,0.107590191,93.95
Cab_Freedom_4,C_394,Liberty,26,4,2,Freedom,Cab,6/25/19,2019,2,Liberty,89.6,54.4,0,11.24853228,0.002158038,0.082176452,93.95
Cab_Freedom_4,C_395,Liberty,26,4,5,Freedom,Cab,6/25/19,2019,2,Liberty,89.6,54.4,0,21.51302765,0.006487192,0.268405141,92.9
Cab_Freedom_4,C_395,Liberty,26,4,5,Freedom,Cab,6/25/19,2019,2,Liberty,89.6,54.4,0,8.803689916,0.001667044,0.061912661,92.9
Cab_Freedom_4,C_396,Liberty,26,4,6,Freedom,Cab,6/25/19,2019,2,Liberty,89.6,54.4,0,10.14318745,0.002343188,0.089284728,91.2
Cab_Freedom_4,C_396,Liberty,26,4,6,Freedom,Cab,6/25/19,2019,2,Liberty,89.6,54.4,0,11.56594375,0.002418284,0.088681643,91.2
Cab_Teleki 5C_3,C_388,Liberty,22,3,4,Teleki 5C,Cab,6/25/19,2019,2,Liberty,89.6,54.4,0,19.5966146,0.005424407,0.2133939,84.5
Cab_Teleki 5C_3,C_388,Liberty,22,3,4,Teleki 5C,Cab,6/25/19,2019,2,Liberty,89.6,54.4,0,21.78724745,0.006218498,0.252342867,84.5
Cab_Teleki 5C_3,C_389,Liberty,22,3,5,Teleki 5C,Cab,6/25/19,2019,2,Liberty,89.6,54.4,0,21.20473476,0.006951775,0.283674325,85.3
Cab_Teleki 5C_3,C_389,Liberty,22,3,5,Teleki 5C,Cab,6/25/19,2019,2,Liberty,89.6,54.4,0,20.70137523,0.006415396,0.259372231,85.3
Cab_Teleki 5C_3,C_390,Liberty,22,3,6,Teleki 5C,Cab,6/25/19,2019,2,Liberty,89.6,54.4,0,17.64532579,0.004897177,0.186720887,84.35
Cab_Teleki 5C_3,C_390,Liberty,22,3,6,Teleki 5C,Cab,6/25/19,2019,2,Liberty,89.6,54.4,0,21.38421546,0.006444512,0.259959971,84.35
Chard_1103 Paulsen_4,C_382,Liberty,10,4,3,1103 Paulsen,Chard,6/25/19,2019,2,Liberty,89.6,54.4,0,25.64329776,0.009915618,0.458758186,80.65
Chard_1103 Paulsen_4,C_382,Liberty,10,4,3,1103 Paulsen,Chard,6/25/19,2019,2,Liberty,89.6,54.4,0,25.27565056,0.011230405,0.538518125,80.65
Chard_1103 Paulsen_4,C_383,Liberty,10,4,4,1103 Paulsen,Chard,6/25/19,2019,2,Liberty,89.6,54.4,0,27.40420016,0.013458621,0.619714041,83.85
Chard_1103 Paulsen_4,C_383,Liberty,10,4,4,1103 Paulsen,Chard,6/25/19,2019,2,Liberty,89.6,54.4,0,21.98337722,0.008203985,0.364858542,83.85
Chard_1103 Paulsen_4,C_384,Liberty,10,4,5,1103 Paulsen,Chard,6/25/19,2019,2,Liberty,89.6,54.4,0,27.67724607,0.010805781,0.494523797,83.95
Chard_1103 Paulsen_4,C_384,Liberty,10,4,5,1103 Paulsen,Chard,6/25/19,2019,2,Liberty,89.6,54.4,0,26.25510394,0.012046545,0.606479276,83.95
Chard_Freedom_4,C_385,Liberty,13,4,3,Freedom,Chard,6/25/19,2019,2,Liberty,89.6,54.4,0,20.24980617,0.00719144,0.312092007,84.05
Chard_Freedom_4,C_385,Liberty,13,4,3,Freedom,Chard,6/25/19,2019,2,Liberty,89.6,54.4,0,17.36001581,0.005566684,0.225426327,84.05
Chard_Freedom_4,C_386,Liberty,13,4,4,Freedom,Chard,6/25/19,2019,2,Liberty,89.6,54.4,0,24.43760656,0.011384326,0.529419104,84.9
Chard_Freedom_4,C_386,Liberty,13,4,4,Freedom,Chard,6/25/19,2019,2,Liberty,89.6,54.4,0,26.34266196,0.010560147,0.496018431,84.9
Chard_Freedom_4,C_387,Liberty,13,4,6,Freedom,Chard,6/25/19,2019,2,Liberty,89.6,54.4,0,21.83070193,0.006780189,0.291889823,84.35
Chard_Freedom_4,C_387,Liberty,13,4,6,Freedom,Chard,6/25/19,2019,2,Liberty,89.6,54.4,0,20.79792021,0.006089426,0.250867296,84.35
Chard_Teleki 5C_3,C_379,Liberty,9,3,3,Teleki 5C,Chard,6/25/19,2019,2,Liberty,89.6,54.4,0,19.42315033,0.006782707,0.295262138,83.6
Chard_Teleki 5C_3,C_379,Liberty,9,3,3,Teleki 5C,Chard,6/25/19,2019,2,Liberty,89.6,54.4,0,19.7263422,0.009028336,0.445269149,83.6
Chard_Teleki 5C_3,C_380,Liberty,9,3,4,Teleki 5C,Chard,6/25/19,2019,2,Liberty,89.6,54.4,0,19.07497522,0.006249396,0.256941894,80
Chard_Teleki 5C_3,C_380,Liberty,9,3,4,Teleki 5C,Chard,6/25/19,2019,2,Liberty,89.6,54.4,0,20.91701067,0.007039138,0.300724476,80
Chard_Teleki 5C_3,C_381,Liberty,9,3,5,Teleki 5C,Chard,6/25/19,2019,2,Liberty,89.6,54.4,0,23.51651918,0.008840451,0.411549783,81.35
Chard_Teleki 5C_3,C_381,Liberty,9,3,5,Teleki 5C,Chard,6/25/19,2019,2,Liberty,89.6,54.4,0,19.18067518,0.00729453,0.31754021,81.35
Cab_1103 Paulsen_2,C_423,Liberty,21,2,3,1103 Paulsen,Cab,7/1/19,2019,3,Liberty,86.3,49.8,0,25.42367989,0.008554097,0.406638625,83.7
Cab_1103 Paulsen_2,C_423,Liberty,21,2,3,1103 Paulsen,Cab,7/1/19,2019,3,Liberty,86.3,49.8,0,23.44919428,0.007929423,0.36064474,83.7
Cab_1103 Paulsen_2,C_424,Liberty,21,2,4,1103 Paulsen,Cab,7/1/19,2019,3,Liberty,86.3,49.8,0,25.33545199,0.008295157,0.368975835,84
Cab_1103 Paulsen_2,C_424,Liberty,21,2,4,1103 Paulsen,Cab,7/1/19,2019,3,Liberty,86.3,49.8,0,22.2573446,0.007363683,0.326493744,84
Cab_1103 Paulsen_2,C_425,Liberty,21,2,5,1103 Paulsen,Cab,7/1/19,2019,3,Liberty,86.3,49.8,0,18.15385234,0.005874234,0.258272033,81.5
Cab_1103 Paulsen_2,C_425,Liberty,21,2,5,1103 Paulsen,Cab,7/1/19,2019,3,Liberty,86.3,49.8,0,18.46154128,0.005152876,0.211685396,81.5
Cab_Freedom_3,C_426,Liberty,26,3,3,Freedom,Cab,7/1/19,2019,3,Liberty,86.3,49.8,0,21.0093168,0.006945505,0.308155648,81
Cab_Freedom_3,C_426,Liberty,26,3,3,Freedom,Cab,7/1/19,2019,3,Liberty,86.3,49.8,0,19.43683048,0.005509578,0.222930254,81
Cab_Freedom_3,C_427,Liberty,26,3,4,Freedom,Cab,7/1/19,2019,3,Liberty,86.3,49.8,0,17.75267064,0.005456833,0.225427944,84.9
Cab_Freedom_3,C_427,Liberty,26,3,4,Freedom,Cab,7/1/19,2019,3,Liberty,86.3,49.8,0,17.89377681,0.005285726,0.222043955,84.9
Cab_Freedom_3,C_428,Liberty,26,3,6,Freedom,Cab,7/1/19,2019,3,Liberty,86.3,49.8,0,17.02095896,0.005351246,0.222870328,81.85
Cab_Freedom_3,C_428,Liberty,26,3,6,Freedom,Cab,7/1/19,2019,3,Liberty,86.3,49.8,0,20.87537477,0.008149611,0.365520974,81.85
Cab_Teleki 5C_2,C_420_2,Liberty,20,2,3,Teleki 5C,Cab,7/1/19,2019,3,Liberty,86.3,49.8,0,16.04591303,0.003894194,0.156476568,82.45
Cab_Teleki 5C_2,C_420_2,Liberty,20,2,3,Teleki 5C,Cab,7/1/19,2019,3,Liberty,86.3,49.8,0,16.63979458,0.003908339,0.155396917,82.45
Cab_Teleki 5C_2,C_421,Liberty,20,2,4,Teleki 5C,Cab,7/1/19,2019,3,Liberty,86.3,49.8,0,23.13529183,0.007381792,0.318710022,82.35
Cab_Teleki 5C_2,C_421,Liberty,20,2,4,Teleki 5C,Cab,7/1/19,2019,3,Liberty,86.3,49.8,0,18.63100306,0.00526012,0.220546601,82.35
Cab_Teleki 5C_2,C_422,Liberty,20,2,5,Teleki 5C,Cab,7/1/19,2019,3,Liberty,86.3,49.8,0,19.5227688,0.006827187,0.296627071,84.9
Cab_Teleki 5C_2,C_422,Liberty,20,2,5,Teleki 5C,Cab,7/1/19,2019,3,Liberty,86.3,49.8,0,19.6236285,0.005155492,0.215600064,84.9
Chard_1103 Paulsen_2,C_429,Liberty,5,2,4,1103 Paulsen,Chard,7/1/19,2019,3,Liberty,86.3,49.8,0,24.65082237,0.011516349,0.550603288,82.85
Chard_1103 Paulsen_2,C_429,Liberty,5,2,4,1103 Paulsen,Chard,7/1/19,2019,3,Liberty,86.3,49.8,0,14.12628514,0.004752582,0.191269256,82.85
Chard_1103 Paulsen_2,C_430,Liberty,5,2,6,1103 Paulsen,Chard,7/1/19,2019,3,Liberty,86.3,49.8,0,20.07933706,0.007530946,0.33133506,80.95
Chard_1103 Paulsen_2,C_430,Liberty,5,2,6,1103 Paulsen,Chard,7/1/19,2019,3,Liberty,86.3,49.8,0,21.94697126,0.009119184,0.42152934,80.95
Chard_1103 Paulsen_2,C_431,Liberty,5,2,8,1103 Paulsen,Chard,7/1/19,2019,3,Liberty,86.3,49.8,0,20.54574845,0.009977163,0.465129717,84.45
Chard_1103 Paulsen_2,C_431,Liberty,5,2,8,1103 Paulsen,Chard,7/1/19,2019,3,Liberty,86.3,49.8,0,17.3396483,0.006055594,0.264582625,84.45
Chard_Freedom_3,C_435,Liberty,12,3,3,Freedom,Chard,7/1/19,2019,3,Liberty,86.3,49.8,0,25.88643537,0.011514542,0.531964328,83.75
Chard_Freedom_3,C_435,Liberty,12,3,3,Freedom,Chard,7/1/19,2019,3,Liberty,86.3,49.8,0,17.9295412,0.007606826,0.337974903,83.75
Chard_Freedom_3,C_436,Liberty,12,3,4,Freedom,Chard,7/1/19,2019,3,Liberty,86.3,49.8,0,17.66863402,0.006715917,0.292637395,87.4
Chard_Freedom_3,C_436,Liberty,12,3,4,Freedom,Chard,7/1/19,2019,3,Liberty,86.3,49.8,0,12.50601218,0.004807687,0.196717514,87.4
Chard_Freedom_3,C_437,Liberty,12,3,6,Freedom,Chard,7/1/19,2019,3,Liberty,86.3,49.8,0,16.78172475,0.006609652,0.27925428,90.05
Chard_Freedom_3,C_437,Liberty,12,3,6,Freedom,Chard,7/1/19,2019,3,Liberty,86.3,49.8,0,15.89317483,0.005267152,0.21607482,90.05
Chard_Teleki 5C_2,C_432,Liberty,6,2,4,Teleki 5C,Chard,7/1/19,2019,3,Liberty,86.3,49.8,0,23.06698289,0.008543033,0.368313795,81.9
Chard_Teleki 5C_2,C_432,Liberty,6,2,4,Teleki 5C,Chard,7/1/19,2019,3,Liberty,86.3,49.8,0,13.88106872,0.003864307,0.162948236,81.9
Chard_Teleki 5C_2,C_433,Liberty,6,2,5,Teleki 5C,Chard,7/1/19,2019,3,Liberty,86.3,49.8,0,19.44245151,0.006308697,0.280917309,83.35
Chard_Teleki 5C_2,C_433,Liberty,6,2,5,Teleki 5C,Chard,7/1/19,2019,3,Liberty,86.3,49.8,0,15.7083567,0.004645462,0.191676945,83.35
Chard_Teleki 5C_2,C_434,Liberty,6,2,6,Teleki 5C,Chard,7/1/19,2019,3,Liberty,86.3,49.8,0,22.13672664,0.00794853,0.339506656,83.8
Chard_Teleki 5C_2,C_434,Liberty,6,2,6,Teleki 5C,Chard,7/1/19,2019,3,Liberty,86.3,49.8,0,16.11295437,0.004560108,0.189712149,83.8
Cab_1103 Paulsen_1,C_477,Liberty,19,1,3,1103 Paulsen,Cab,7/9/19,2019,4,Liberty,85.5,51.8,0,21.59398925,0.007525088,0.322409684,85.35
Cab_1103 Paulsen_1,C_477,Liberty,19,1,3,1103 Paulsen,Cab,7/9/19,2019,4,Liberty,85.5,51.8,0,19.17225881,0.00690145,0.289049002,85.35
Cab_1103 Paulsen_1,C_478,Liberty,19,1,4,1103 Paulsen,Cab,7/9/19,2019,4,Liberty,85.5,51.8,0,16.8332138,0.004392577,0.181515538,88.65
Cab_1103 Paulsen_1,C_478,Liberty,19,1,4,1103 Paulsen,Cab,7/9/19,2019,4,Liberty,85.5,51.8,0,16.46073171,0.004532161,0.190390583,88.65
Cab_1103 Paulsen_1,C_479,Liberty,19,1,5,1103 Paulsen,Cab,7/9/19,2019,4,Liberty,85.5,51.8,0,16.26452906,0.004462147,0.187809833,86.75
Cab_1103 Paulsen_1,C_479,Liberty,19,1,5,1103 Paulsen,Cab,7/9/19,2019,4,Liberty,85.5,51.8,0,13.15777885,0.003580819,0.143857582,86.75
Cab_Freedom_1,C_471,Liberty,16,1,4,Freedom,Cab,7/9/19,2019,4,Liberty,85.5,51.8,0,20.05898041,0.005606786,0.245526183,82.1
Cab_Freedom_1,C_471,Liberty,16,1,4,Freedom,Cab,7/9/19,2019,4,Liberty,85.5,51.8,0,19.88940729,0.005947477,0.252106549,82.1
Cab_Freedom_1,C_472,Liberty,16,1,5,Freedom,Cab,7/9/19,2019,4,Liberty,85.5,51.8,0,13.09196483,0.003189447,0.125362372,84.8
Cab_Freedom_1,C_472,Liberty,16,1,5,Freedom,Cab,7/9/19,2019,4,Liberty,85.5,51.8,0,8.950455278,0.002166416,0.086807141,84.8
Cab_Freedom_1,C_473,Liberty,16,1,7,Freedom,Cab,7/9/19,2019,4,Liberty,85.5,51.8,0,10.9152974,0.002413178,0.09549508,85.2
Cab_Freedom_1,C_473,Liberty,16,1,7,Freedom,Cab,7/9/19,2019,4,Liberty,85.5,51.8,0,13.68589468,0.003240772,0.12794405,85.2
Cab_Teleki 5C_1,C_474,Liberty,17,1,3,Teleki 5C,Cab,7/9/19,2019,4,Liberty,85.5,51.8,0,12.38270691,0.002668758,0.104415212,87.7
Cab_Teleki 5C_1,C_474,Liberty,17,1,3,Teleki 5C,Cab,7/9/19,2019,4,Liberty,85.5,51.8,0,17.03158102,0.005308273,0.214938354,87.7
Cab_Teleki 5C_1,C_475,Liberty,17,1,4,Teleki 5C,Cab,7/9/19,2019,4,Liberty,85.5,51.8,0,13.59656244,0.003607298,0.141998329,90.2
Cab_Teleki 5C_1,C_475,Liberty,17,1,4,Teleki 5C,Cab,7/9/19,2019,4,Liberty,85.5,51.8,0,10.46187448,0.002307398,0.089931088,90.2
Cab_Teleki 5C_1,C_476,Liberty,17,1,6,Teleki 5C,Cab,7/9/19,2019,4,Liberty,85.5,51.8,0,14.47593426,0.003641492,0.144919765,91.15
Cab_Teleki 5C_1,C_476,Liberty,17,1,6,Teleki 5C,Cab,7/9/19,2019,4,Liberty,85.5,51.8,0,8.828341411,0.002219341,0.085788254,91.15
Chard_1103 Paulsen_1,C_465,Liberty,4,1,3,1103 Paulsen,Chard,7/9/19,2019,4,Liberty,85.5,51.8,0,21.70393225,0.0075497,0.36807435,79.85
Chard_1103 Paulsen_1,C_465,Liberty,4,1,3,1103 Paulsen,Chard,7/9/19,2019,4,Liberty,85.5,51.8,0,12.61679115,0.003041165,0.123704579,79.85
Chard_1103 Paulsen_1,C_466,Liberty,4,1,4,1103 Paulsen,Chard,7/9/19,2019,4,Liberty,85.5,51.8,0,16.17582879,0.00636806,0.283624657,80.85
Chard_1103 Paulsen_1,C_466,Liberty,4,1,4,1103 Paulsen,Chard,7/9/19,2019,4,Liberty,85.5,51.8,0,17.6307537,0.006052354,0.272878143,80.85
Chard_1103 Paulsen_1,C_467,Liberty,4,1,5,1103 Paulsen,Chard,7/9/19,2019,4,Liberty,85.5,51.8,0,21.04525149,0.007119668,0.317288294,79.25
Chard_1103 Paulsen_1,C_467,Liberty,4,1,5,1103 Paulsen,Chard,7/9/19,2019,4,Liberty,85.5,51.8,0,17.78838205,0.005945131,0.273035167,79.25
Chard_Freedom_2,C_468,Liberty,8,2,1,Freedom,Chard,7/9/19,2019,4,Liberty,85.5,51.8,0,12.3026398,0.003265313,0.142371741,85.6
Chard_Freedom_2,C_468,Liberty,8,2,1,Freedom,Chard,7/9/19,2019,4,Liberty,85.5,51.8,0,10.93465981,0.002681588,0.110954807,85.6
Chard_Freedom_2,C_469,Liberty,8,2,2,Freedom,Chard,7/9/19,2019,4,Liberty,85.5,51.8,0,16.39858138,0.005039482,0.221557845,84.55
Chard_Freedom_2,C_469,Liberty,8,2,2,Freedom,Chard,7/9/19,2019,4,Liberty,85.5,51.8,0,15.65967422,0.00443555,0.18907987,84.55
Chard_Freedom_2,C_470,Liberty,8,2,4,Freedom,Chard,7/9/19,2019,4,Liberty,85.5,51.8,0,20.43139323,0.008579336,0.388660983,84.25
Chard_Freedom_2,C_470,Liberty,8,2,4,Freedom,Chard,7/9/19,2019,4,Liberty,85.5,51.8,0,12.77233089,0.002865828,0.111596592,84.25
Chard_Teleki 5C_1,C_462,Liberty,2,1,2,Teleki 5C,Chard,7/9/19,2019,4,Liberty,85.5,51.8,0,17.19961601,0.006024221,0.261318808,81.75
Chard_Teleki 5C_1,C_462,Liberty,2,1,2,Teleki 5C,Chard,7/9/19,2019,4,Liberty,85.5,51.8,0,15.40217763,0.005015981,0.22398805,81.75
Chard_Teleki 5C_1,C_463,Liberty,2,1,3,Teleki 5C,Chard,7/9/19,2019,4,Liberty,85.5,51.8,0,16.58627129,0.006015952,0.269749158,78.9
Chard_Teleki 5C_1,C_463,Liberty,2,1,3,Teleki 5C,Chard,7/9/19,2019,4,Liberty,85.5,51.8,0,14.00752625,0.004715519,0.214448957,78.9
Chard_Teleki 5C_1,C_464,Liberty,2,1,5,Teleki 5C,Chard,7/9/19,2019,4,Liberty,85.5,51.8,0,21.26018934,0.007841747,0.372172689,81.5
Chard_Teleki 5C_1,C_464,Liberty,2,1,5,Teleki 5C,Chard,7/9/19,2019,4,Liberty,85.5,51.8,0,13.05801228,0.003954354,0.164915605,81.5
Cab_1103 Paulsen_2,C_507,Liberty,21,2,3,1103 Paulsen,Cab,7/17/19,2019,5,Liberty,94.4,54.8,0,22.19050415,0.008345726,0.36408777,83.05
Cab_1103 Paulsen_2,C_507,Liberty,21,2,3,1103 Paulsen,Cab,7/17/19,2019,5,Liberty,94.4,54.8,0,24.4332966,0.008614519,0.383772506,83.05
Cab_1103 Paulsen_2,C_508,Liberty,21,2,4,1103 Paulsen,Cab,7/17/19,2019,5,Liberty,94.4,54.8,0,19.24487154,0.006428808,0.273315195,86.25
Cab_1103 Paulsen_2,C_508,Liberty,21,2,4,1103 Paulsen,Cab,7/17/19,2019,5,Liberty,94.4,54.8,0,22.65186277,0.008113888,0.354170442,86.25
Cab_1103 Paulsen_2,C_509,Liberty,21,2,5,1103 Paulsen,Cab,7/17/19,2019,5,Liberty,94.4,54.8,0,17.32393239,0.005491244,0.222437489,81.4
Cab_1103 Paulsen_2,C_509,Liberty,21,2,5,1103 Paulsen,Cab,7/17/19,2019,5,Liberty,94.4,54.8,0,23.22882129,0.009198482,0.407165611,81.4
Cab_Freedom_3,C_510,Liberty,26,3,3,Freedom,Cab,7/17/19,2019,5,Liberty,94.4,54.8,0,17.20246272,0.00538456,0.218905229,81.9
Cab_Freedom_3,C_510,Liberty,26,3,3,Freedom,Cab,7/17/19,2019,5,Liberty,94.4,54.8,0,12.51138949,0.00298903,0.116847497,81.9
Cab_Freedom_3,C_511,Liberty,26,3,4,Freedom,Cab,7/17/19,2019,5,Liberty,94.4,54.8,0,20.34495404,0.007108486,0.299108591,88.35
Cab_Freedom_3,C_511,Liberty,26,3,4,Freedom,Cab,7/17/19,2019,5,Liberty,94.4,54.8,0,15.41565442,0.004215175,0.177533017,88.35
Cab_Freedom_3,C_512,Liberty,26,3,6,Freedom,Cab,7/17/19,2019,5,Liberty,94.4,54.8,0,14.3766459,0.005043665,0.201730339,81.15
Cab_Freedom_3,C_512,Liberty,26,3,6,Freedom,Cab,7/17/19,2019,5,Liberty,94.4,54.8,0,17.32940908,0.005460124,0.227495466,81.15
Cab_Teleki 5C_2,C_504,Liberty,20,2,3,Teleki 5C,Cab,7/17/19,2019,5,Liberty,94.4,54.8,0,18.24503641,0.004864782,0.201159717,81.2
Cab_Teleki 5C_2,C_504,Liberty,20,2,3,Teleki 5C,Cab,7/17/19,2019,5,Liberty,94.4,54.8,0,18.98407434,0.004710137,0.197099733,81.2
Cab_Teleki 5C_2,C_505,Liberty,20,2,4,Teleki 5C,Cab,7/17/19,2019,5,Liberty,94.4,54.8,0,18.49175649,0.005069469,0.214640892,83.8
Cab_Teleki 5C_2,C_505,Liberty,20,2,4,Teleki 5C,Cab,7/17/19,2019,5,Liberty,94.4,54.8,0,23.96474305,0.007793053,0.340404106,83.8
Cab_Teleki 5C_2,C_506,Liberty,20,2,5,Teleki 5C,Cab,7/17/19,2019,5,Liberty,94.4,54.8,0,19.92633883,0.006064933,0.260355032,82.1
Cab_Teleki 5C_2,C_506,Liberty,20,2,5,Teleki 5C,Cab,7/17/19,2019,5,Liberty,94.4,54.8,0,20.7995127,0.006080098,0.262839208,82.1
Chard_1103 Paulsen_2,C_513,Liberty,5,2,4,1103 Paulsen,Chard,7/17/19,2019,5,Liberty,94.4,54.8,0,23.47411602,0.011080511,0.535113506,83.55
Chard_1103 Paulsen_2,C_513,Liberty,5,2,4,1103 Paulsen,Chard,7/17/19,2019,5,Liberty,94.4,54.8,0,9.992093638,0.004101462,0.174654346,83.55
Chard_1103 Paulsen_2,C_514,Liberty,5,2,6,1103 Paulsen,Chard,7/17/19,2019,5,Liberty,94.4,54.8,0,19.01461631,0.008441417,0.367099206,85
Chard_1103 Paulsen_2,C_514,Liberty,5,2,6,1103 Paulsen,Chard,7/17/19,2019,5,Liberty,94.4,54.8,0,20.34018745,0.008886879,0.390802816,85
Chard_1103 Paulsen_2,C_515,Liberty,5,2,8,1103 Paulsen,Chard,7/17/19,2019,5,Liberty,94.4,54.8,0,16.94249241,0.006554277,0.28515444,85.15
Chard_1103 Paulsen_2,C_515,Liberty,5,2,8,1103 Paulsen,Chard,7/17/19,2019,5,Liberty,94.4,54.8,0,8.142773113,0.00214432,0.084525954,85.15
Chard_Freedom_3,C_519,Liberty,12,3,3,Freedom,Chard,7/17/19,2019,5,Liberty,94.4,54.8,0,17.39434367,0.005447449,0.221439555,91.65
Chard_Freedom_3,C_519,Liberty,12,3,3,Freedom,Chard,7/17/19,2019,5,Liberty,94.4,54.8,0,18.69937874,0.006017642,0.255490674,91.65
Chard_Freedom_3,C_520,Liberty,12,3,4,Freedom,Chard,7/17/19,2019,5,Liberty,94.4,54.8,0,12.66058314,0.003743595,0.154103269,88.3
Chard_Freedom_3,C_520,Liberty,12,3,4,Freedom,Chard,7/17/19,2019,5,Liberty,94.4,54.8,0,20.55722371,0.007631885,0.325110524,88.3
Chard_Freedom_3,C_521,Liberty,12,3,6,Freedom,Chard,7/17/19,2019,5,Liberty,94.4,54.8,0,16.09381719,0.00477682,0.187999678,91.3
Chard_Freedom_3,C_521,Liberty,12,3,6,Freedom,Chard,7/17/19,2019,5,Liberty,94.4,54.8,0,13.23025338,0.003504971,0.146348642,91.3
Chard_Teleki 5C_2,C_516,Liberty,6,2,4,Teleki 5C,Chard,7/17/19,2019,5,Liberty,94.4,54.8,0,15.017296,0.004823747,0.19926717,87.3
Chard_Teleki 5C_2,C_516,Liberty,6,2,4,Teleki 5C,Chard,7/17/19,2019,5,Liberty,94.4,54.8,0,11.547097,0.003425675,0.137098298,87.3
Chard_Teleki 5C_2,C_517,Liberty,6,2,5,Teleki 5C,Chard,7/17/19,2019,5,Liberty,94.4,54.8,0,10.70683161,0.002990936,0.122999652,86.15
Chard_Teleki 5C_2,C_517,Liberty,6,2,5,Teleki 5C,Chard,7/17/19,2019,5,Liberty,94.4,54.8,0,10.26319069,0.003773032,0.154272611,86.15
Chard_Teleki 5C_2,C_518,Liberty,6,2,6,Teleki 5C,Chard,7/17/19,2019,5,Liberty,94.4,54.8,0,10.63891507,0.002766301,0.110962285,88.4
Chard_Teleki 5C_2,C_518,Liberty,6,2,6,Teleki 5C,Chard,7/17/19,2019,5,Liberty,94.4,54.8,0,11.29451609,0.003251961,0.132450504,88.4
Cab_1103 Paulsen_3,C_558,Liberty,23,3,3,1103 Paulsen,Cab,7/23/19,2019,6,Liberty,95.5,61,0,20.05441894,0.006335552,0.275509353,92.95
Cab_1103 Paulsen_3,C_558,Liberty,23,3,3,1103 Paulsen,Cab,7/23/19,2019,6,Liberty,95.5,61,0,18.97567193,0.005644964,0.240582788,92.95
Cab_1103 Paulsen_3,C_559,Liberty,23,3,5,1103 Paulsen,Cab,7/23/19,2019,6,Liberty,95.5,61,0,18.79965439,0.005863886,0.239982891,89.2
Cab_1103 Paulsen_3,C_559,Liberty,23,3,5,1103 Paulsen,Cab,7/23/19,2019,6,Liberty,95.5,61,0,11.70609135,0.002946163,0.11509928,89.2
Cab_1103 Paulsen_3,C_560,Liberty,23,3,6,1103 Paulsen,Cab,7/23/19,2019,6,Liberty,95.5,61,0,12.40714025,0.003006641,0.117040904,96.1
Cab_1103 Paulsen_3,C_560,Liberty,23,3,6,1103 Paulsen,Cab,7/23/19,2019,6,Liberty,95.5,61,0,12.20157403,0.003256362,0.127518812,96.1
Cab_Freedom_3,C_561,Liberty,26,3,3,Freedom,Cab,7/23/19,2019,6,Liberty,95.5,61,0,10.56637442,0.002521308,0.098230231,94.4
Cab_Freedom_3,C_561,Liberty,26,3,3,Freedom,Cab,7/23/19,2019,6,Liberty,95.5,61,0,13.64276026,0.003453868,0.137833439,94.4
Cab_Freedom_3,C_562,Liberty,26,3,4,Freedom,Cab,7/23/19,2019,6,Liberty,95.5,61,0,12.5922559,0.002694389,0.103832516,91.15
Cab_Freedom_3,C_562,Liberty,26,3,4,Freedom,Cab,7/23/19,2019,6,Liberty,95.5,61,0,13.06332808,0.002870629,0.111982293,91.15
Cab_Freedom_3,C_563,Liberty,26,3,6,Freedom,Cab,7/23/19,2019,6,Liberty,95.5,61,0,18.07333537,0.005639663,0.240094165,81.05
Cab_Freedom_3,C_563,Liberty,26,3,6,Freedom,Cab,7/23/19,2019,6,Liberty,95.5,61,0,13.88388208,0.003696261,0.149027143,81.05
Cab_Teleki 5C_3,C_555,Liberty,22,3,4,Teleki 5C,Cab,7/23/19,2019,6,Liberty,95.5,61,0,16.17526434,0.003851203,0.160293184,89.15
Cab_Teleki 5C_3,C_555,Liberty,22,3,4,Teleki 5C,Cab,7/23/19,2019,6,Liberty,95.5,61,0,14.97165536,0.003632029,0.14477332,89.15
Cab_Teleki 5C_3,C_556,Liberty,22,3,5,Teleki 5C,Cab,7/23/19,2019,6,Liberty,95.5,61,0,14.28837841,0.003306609,0.130524937,90.45
Cab_Teleki 5C_3,C_556,Liberty,22,3,5,Teleki 5C,Cab,7/23/19,2019,6,Liberty,95.5,61,0,10.64384338,0.001709977,0.063869704,90.45
Cab_Teleki 5C_3,C_557,Liberty,22,3,6,Teleki 5C,Cab,7/23/19,2019,6,Liberty,95.5,61,0,12.49422022,0.003527032,0.139512375,87.8
Cab_Teleki 5C_3,C_557,Liberty,22,3,6,Teleki 5C,Cab,7/23/19,2019,6,Liberty,95.5,61,0,9.917454681,0.001575871,0.060885742,87.8
Chard_1103 Paulsen_4,C_549,Liberty,10,4,3,1103 Paulsen,Chard,7/23/19,2019,6,Liberty,95.5,61,0,20.19131735,0.006384132,0.258921357,83.9
Chard_1103 Paulsen_4,C_549,Liberty,10,4,3,1103 Paulsen,Chard,7/23/19,2019,6,Liberty,95.5,61,0,21.99429482,0.008267062,0.366166835,83.9
Chard_1103 Paulsen_4,C_550,Liberty,10,4,4,1103 Paulsen,Chard,7/23/19,2019,6,Liberty,95.5,61,0,18.65634346,0.006293867,0.266920007,81.3
Chard_1103 Paulsen_4,C_550,Liberty,10,4,4,1103 Paulsen,Chard,7/23/19,2019,6,Liberty,95.5,61,0,15.08814303,0.004901975,0.203681959,81.3
Chard_1103 Paulsen_4,C_551,Liberty,10,4,5,1103 Paulsen,Chard,7/23/19,2019,6,Liberty,95.5,61,0,13.44707771,0.003015371,0.119493727,88
Chard_1103 Paulsen_4,C_551,Liberty,10,4,5,1103 Paulsen,Chard,7/23/19,2019,6,Liberty,95.5,61,0,19.16407223,0.006140791,0.259998809,88
Chard_Freedom_4,C_552,Liberty,13,4,3,Freedom,Chard,7/23/19,2019,6,Liberty,95.5,61,0,12.95442512,0.003662662,0.14276821,96.4
Chard_Freedom_4,C_552,Liberty,13,4,3,Freedom,Chard,7/23/19,2019,6,Liberty,95.5,61,0,11.82390744,0.003162241,0.125782262,96.4
Chard_Freedom_4,C_553,Liberty,13,4,4,Freedom,Chard,7/23/19,2019,6,Liberty,95.5,61,0,21.53456468,0.007663895,0.329155329,96.7
Chard_Freedom_4,C_553,Liberty,13,4,4,Freedom,Chard,7/23/19,2019,6,Liberty,95.5,61,0,14.53325918,0.003894113,0.16327799,96.7
Chard_Freedom_4,C_554,Liberty,13,4,6,Freedom,Chard,7/23/19,2019,6,Liberty,95.5,61,0,17.40698969,0.004782231,0.208008409,89.45
Chard_Freedom_4,C_554,Liberty,13,4,6,Freedom,Chard,7/23/19,2019,6,Liberty,95.5,61,0,13.19079782,0.003195331,0.127107146,89.45
Chard_Teleki 5C_3,C_546,Liberty,9,3,3,Teleki 5C,Chard,7/23/19,2019,6,Liberty,95.5,61,0,12.1731222,0.002634716,0.103997972,91
Chard_Teleki 5C_3,C_546,Liberty,9,3,3,Teleki 5C,Chard,7/23/19,2019,6,Liberty,95.5,61,0,15.48261343,0.003946215,0.157914198,91
Chard_Teleki 5C_3,C_547,Liberty,9,3,4,Teleki 5C,Chard,7/23/19,2019,6,Liberty,95.5,61,0,9.699470146,0.002113465,0.081002087,82.25
Chard_Teleki 5C_3,C_547,Liberty,9,3,4,Teleki 5C,Chard,7/23/19,2019,6,Liberty,95.5,61,0,9.541633158,0.002398126,0.099973329,82.25
Chard_Teleki 5C_3,C_548,Liberty,9,3,5,Teleki 5C,Chard,7/23/19,2019,6,Liberty,95.5,61,0,12.7926674,0.003579418,0.147876322,80
Chard_Teleki 5C_3,C_548,Liberty,9,3,5,Teleki 5C,Chard,7/23/19,2019,6,Liberty,95.5,61,0,12.72196212,0.003487291,0.138785281,80
Cab_1103 Paulsen_3,C_591,Liberty,23,3,3,1103 Paulsen,Cab,7/29/19,2019,7,Liberty,89.9,58.9,0,19.07531878,0.006623045,0.313803664,82.2
Cab_1103 Paulsen_3,C_591,Liberty,23,3,3,1103 Paulsen,Cab,7/29/19,2019,7,Liberty,89.9,58.9,0,19.2866679,0.006784945,0.305117492,82.2
Cab_1103 Paulsen_3,C_592,Liberty,23,3,5,1103 Paulsen,Cab,7/29/19,2019,7,Liberty,89.9,58.9,0,22.37665415,0.008074104,0.354913208,81.5
Cab_1103 Paulsen_3,C_592,Liberty,23,3,5,1103 Paulsen,Cab,7/29/19,2019,7,Liberty,89.9,58.9,0,19.05583477,0.006778021,0.307251681,81.5
Cab_1103 Paulsen_3,C_593,Liberty,23,3,6,1103 Paulsen,Cab,7/29/19,2019,7,Liberty,89.9,58.9,0,19.65941303,0.005357238,0.239655778,80.8
Cab_1103 Paulsen_3,C_593,Liberty,23,3,6,1103 Paulsen,Cab,7/29/19,2019,7,Liberty,89.9,58.9,0,13.35972056,0.003573192,0.144230381,80.8
Cab_Freedom_4,C_594,Liberty,26,4,2,Freedom,Cab,7/29/19,2019,7,Liberty,89.9,58.9,0,12.45539048,0.003126999,0.126753959,82.15
Cab_Freedom_4,C_594,Liberty,26,4,2,Freedom,Cab,7/29/19,2019,7,Liberty,89.9,58.9,0,16.64581764,0.005066339,0.211809768,82.15
Cab_Freedom_4,C_595,Liberty,26,4,5,Freedom,Cab,7/29/19,2019,7,Liberty,89.9,58.9,0,15.66986987,0.004890157,0.204140939,86.1
Cab_Freedom_4,C_595,Liberty,26,4,5,Freedom,Cab,7/29/19,2019,7,Liberty,89.9,58.9,0,17.04359837,0.005212768,0.220548121,86.1
Cab_Freedom_4,C_596,Liberty,26,4,6,Freedom,Cab,7/29/19,2019,7,Liberty,89.9,58.9,0,14.2637195,0.003813671,0.153250386,84.95
Cab_Freedom_4,C_596,Liberty,26,4,6,Freedom,Cab,7/29/19,2019,7,Liberty,89.9,58.9,0,22.26736487,0.006746627,0.288377352,84.95
Cab_Teleki 5C_3,C_588,Liberty,22,3,4,Teleki 5C,Cab,7/29/19,2019,7,Liberty,89.9,58.9,0,21.67122561,0.006327514,0.26709222,91.05
Cab_Teleki 5C_3,C_588,Liberty,22,3,4,Teleki 5C,Cab,7/29/19,2019,7,Liberty,89.9,58.9,0,10.29959876,0.00251037,0.104351188,91.05
Cab_Teleki 5C_3,C_589,Liberty,22,3,5,Teleki 5C,Cab,7/29/19,2019,7,Liberty,89.9,58.9,0,15.70868248,0.004421613,0.179194547,84.4
Cab_Teleki 5C_3,C_589,Liberty,22,3,5,Teleki 5C,Cab,7/29/19,2019,7,Liberty,89.9,58.9,0,14.6622273,0.004004418,0.16329586,84.4
Cab_Teleki 5C_3,C_590,Liberty,22,3,6,Teleki 5C,Cab,7/29/19,2019,7,Liberty,89.9,58.9,0,17.05345771,0.005509681,0.238355072,89.15
Cab_Teleki 5C_3,C_590,Liberty,22,3,6,Teleki 5C,Cab,7/29/19,2019,7,Liberty,89.9,58.9,0,19.12591287,0.005755632,0.245070899,89.15
Chard_1103 Paulsen_4,C_600,Liberty,10,4,3,1103 Paulsen,Chard,7/29/19,2019,7,Liberty,89.9,58.9,0,23.0128374,0.010292857,0.459898916,87.75
Chard_1103 Paulsen_4,C_600,Liberty,10,4,3,1103 Paulsen,Chard,7/29/19,2019,7,Liberty,89.9,58.9,0,19.44653978,0.007164182,0.316394207,87.75
Chard_1103 Paulsen_4,C_601,Liberty,10,4,4,1103 Paulsen,Chard,7/29/19,2019,7,Liberty,89.9,58.9,0,14.89549214,0.005812846,0.250347416,86.6
Chard_1103 Paulsen_4,C_601,Liberty,10,4,4,1103 Paulsen,Chard,7/29/19,2019,7,Liberty,89.9,58.9,0,22.98306256,0.009663724,0.438873896,86.6
Chard_1103 Paulsen_4,C_602,Liberty,10,4,5,1103 Paulsen,Chard,7/29/19,2019,7,Liberty,89.9,58.9,0,13.50015993,0.005109894,0.206599707,88.35
Chard_1103 Paulsen_4,C_602,Liberty,10,4,5,1103 Paulsen,Chard,7/29/19,2019,7,Liberty,89.9,58.9,0,23.86039484,0.009372522,0.449171816,88.35
Chard_Freedom_4,C_603,Liberty,13,4,3,Freedom,Chard,7/29/19,2019,7,Liberty,89.9,58.9,0,16.09124514,0.005373875,0.226094638,92.2
Chard_Freedom_4,C_603,Liberty,13,4,3,Freedom,Chard,7/29/19,2019,7,Liberty,89.9,58.9,0,14.33577148,0.004346314,0.175030484,92.2
Chard_Freedom_4,C_604,Liberty,13,4,4,Freedom,Chard,7/29/19,2019,7,Liberty,89.9,58.9,0,20.57348992,0.006863981,0.301143566,84.15
Chard_Freedom_4,C_604,Liberty,13,4,4,Freedom,Chard,7/29/19,2019,7,Liberty,89.9,58.9,0,17.12929184,0.005241908,0.218109798,84.15
Chard_Freedom_4,C_605,Liberty,13,4,6,Freedom,Chard,7/29/19,2019,7,Liberty,89.9,58.9,0,10.73400806,0.002605559,0.106457286,86.8
Chard_Freedom_4,C_605,Liberty,13,4,6,Freedom,Chard,7/29/19,2019,7,Liberty,89.9,58.9,0,13.91564041,0.003971253,0.156387898,86.8
Chard_Teleki 5C_3,C_597,Liberty,9,3,3,Teleki 5C,Chard,7/29/19,2019,7,Liberty,89.9,58.9,0,9.176482865,0.002441344,0.098109947,81.55
Chard_Teleki 5C_3,C_597,Liberty,9,3,3,Teleki 5C,Chard,7/29/19,2019,7,Liberty,89.9,58.9,0,14.25385458,0.00437337,0.181715399,81.55
Chard_Teleki 5C_3,C_598,Liberty,9,3,4,Teleki 5C,Chard,7/29/19,2019,7,Liberty,89.9,58.9,0,8.508529507,0.001947914,0.078660713,77.95
Chard_Teleki 5C_3,C_598,Liberty,9,3,4,Teleki 5C,Chard,7/29/19,2019,7,Liberty,89.9,58.9,0,10.69277397,0.002671613,0.10650898,77.95
Chard_Teleki 5C_3,C_599,Liberty,9,3,5,Teleki 5C,Chard,7/29/19,2019,7,Liberty,89.9,58.9,0,15.48104114,0.00479155,0.205243771,82.4
Chard_Teleki 5C_3,C_599,Liberty,9,3,5,Teleki 5C,Chard,7/29/19,2019,7,Liberty,89.9,58.9,0,13.32331882,0.004385153,0.185545805,82.4