vine,early_1,late_1,early_2,late_2,early_3,late_3,early_4,late_4,early_5,late_5,early_6,late_6,early_7,late_7,early_8,late_8,outer_rings,cambium,total_width
Cab_039-16_1,0.76410074,0.071460769,0.236837071,0.090812628,0.086769844,0.053142374,0.095639467,0.074635818,0.110486214,0.075078786,0.166232414,0.09847958,0.122319523,0.06958376,0.10351198,0.082813235,1.575789504,0.076293019,3.953986727
Cab_039-16_2,0.908112257,0.084251026,0.568801108,0.075444595,0.213741604,0.078876983,0.158137394,0.087092186,0.122316715,0.08850798,0.135303922,0.058985181,0.0709188,0.064427898,0.051209619,0.055445496,1.319216441,0.082846499,4.223635704
Cab_039-16_3,1.021586799,0.085380377,0.419415791,0.061596384,0.118299694,0.085395156,0.208996981,0.105567237,0.204758315,0.071342239,0.181090012,0.102448942,0.073161428,0.076335394,0.077664587,0.093484723,1.27381767,0.070953221,4.33129495
Cab_039-16_4,1.090769164,0.057170808,0.418218599,0.064500264,0.1100347,0.073414047,0.154322522,0.064496402,0.1270513,0.066005912,0.141533402,0.066707995,0.086423354,0.057726878,0.044622491,0.058025249,1.78929709,0.056737413,4.52705759
Chard_039-16_1,0.706834447,0.066873548,0.296610871,0.062427742,0.125232909,0.059864795,0.125773235,0.062989245,0.12704062,0.059666112,0.14445855,0.057247162,0.068786159,0.043977225,0.062156538,0.047247783,0.891977855,0.064634922,3.073799715
Chard_039-16_3,0.633660958,0.090535816,0.321180334,0.089197771,0.227075501,0.096509705,0.256272718,0.075236236,0.280295331,0.068612479,0.233994938,0.117275246,0.198239125,0.06872967,0.135929533,0.088466733,1.888278292,0.052039708,4.921530096
Chard_039-16_4,0.49282239,0.059854045,0.298722661,0.064710629,0.162858897,0.074824005,0.191369164,0.069593087,0.215323167,0.063962516,0.153406361,0.056173261,0.093148698,0.056969006,0.044908199,0.047104583,1.360096847,0.053108252,3.558955769
Cab_101-14 MGT_1,0.793417308,0.079382522,0.487623133,0.062140768,0.093399668,0.093620529,0.19920673,0.091956435,0.210467105,0.101595394,0.282847065,0.085502335,0.196722499,0.081607877,0.082250773,0.105575493,1.439815478,0.057273679,4.54440479
Cab_101-14 MGT_2,0.769202727,0.068888734,0.426268909,0.056173386,0.103969747,0.100084899,0.099675398,0.067446395,0.103615749,0.067521292,0.074803445,0.080548152,0.056514524,0.076308705,0.038708851,0.052600801,1.050241658,0.062382351,3.354955722
Cab_101-14 MGT_3,1.011832349,0.0772544,0.42769368,0.067509291,0.132168413,0.087409112,0.135943539,0.088224408,0.126663126,0.072586437,0.162766635,0.073365468,0.080196165,0.080108105,0.09251621,0.105093199,1.60850494,0.075824035,4.505659512
Cab_101-14 MGT_4,0.952124489,0.060589659,0.391345057,0.083856727,0.156813221,0.104443048,0.16692433,0.075515676,0.155391477,0.060807664,0.108100888,0.07907053,0.054334942,0.062332707,0.062831871,0.07039735,1.352358068,0.066332393,4.063570097
Chard_101-14 MGT_1,0.466624031,0.038816178,0.283764043,0.039039115,0.141748904,0.044610931,0.138271477,0.04931824,0.14562376,0.047349854,0.107300283,0.04708261,0.080233276,0.037987512,0.082901768,0.057569303,1.032028837,0.062412382,2.902682503
Chard_101-14 MGT_2,0.49986881,0.048637497,0.183554385,0.05142528,0.079710333,0.058907244,0.10098658,0.055329732,0.108970521,0.04830787,0.14666167,0.05082043,0.062253783,0.0432326,0.050357588,0.05515614,1.085914923,0.051337953,2.78143334
Chard_101-14 MGT_3,0.465094058,0.063467441,0.266360346,0.07231216,0.129504193,0.066658504,0.139478016,0.061813477,0.226165514,0.064385269,0.285315949,0.05939943,0.084616682,0.054179089,0.15404352,0.062576116,0.987758008,0.070651297,3.313779068
Chard_101-14 MGT_4,0.768940625,0.061330811,0.285056041,0.054958538,0.095763172,0.042531597,0.094322849,0.041702142,0.15377895,0.039386895,0.124676858,0.043639591,0.061103394,0.04980251,0.067273939,0.051343883,0.95784398,0.104486918,3.097942693
Cab_110 Richter_1,0.714314253,0.048067608,0.590456403,0.068958873,0.27316371,0.076690801,0.135522471,0.094234277,0.155890288,0.112963627,0.16947192,0.101749692,0.195802831,0.099884765,0.103297465,0.110004648,2.040029837,0.089790402,5.180293871
Cab_110 Richter_2,0.888165152,0.074890679,0.483366654,0.083057075,0.112632449,0.149926666,0.156423442,0.123680372,0.113472302,0.109510497,0.153796722,0.113937232,0.096315012,0.082813186,0.070156757,0.091553277,1.369754195,0.061947838,4.335399508
Cab_110 Richter_3,0.464576478,0.049967431,0.517722517,0.074408327,0.335155658,0.065473774,0.239148876,0.058276021,0.239989989,0.066536011,0.195141859,0.06953997,0.165129851,0.063928365,0.10801857,0.06950862,1.865920041,0.086236849,4.734679208
Cab_110 Richter_4,0.649965914,0.051009884,0.509601423,0.072332024,0.313321378,0.092535967,0.204370859,0.095369087,0.174899978,0.099636878,0.205943617,0.102626963,0.085062402,0.076059752,0.131656124,0.113275052,1.839823548,0.062203762,4.879694613
Chard_110 Richter_1,0.685090742,0.066315525,0.276418836,0.058676193,0.202702723,0.060731064,0.145692306,0.051240305,0.12854045,0.055295457,0.144663504,0.059135814,0.106139222,0.053394024,0.056535016,0.059203414,0.911579479,0.064800016,3.186154093
Chard_110 Richter_2,0.812442477,0.067640905,0.306878213,0.050106492,0.149544686,0.048290782,0.152455191,0.044779178,0.096941689,0.040055858,0.096181105,0.055042543,0.062741812,0.035125793,0.08312513,0.042536872,1.426230276,0.055926408,3.626045411
Chard_110 Richter_3,0.688403235,0.060647638,0.341595772,0.070843,0.18524052,0.089480309,0.225219661,0.077807526,0.247550118,0.086525132,0.120210517,0.08257713,0.066965237,0.060296752,0.088958217,0.070305658,1.09687186,0.082208042,3.741706321
Chard_110 Richter_4,0.693331536,0.060296798,0.301732306,0.059062936,0.152084295,0.072392187,0.191237311,0.055801679,0.171197698,0.051950446,0.17309691,0.052233867,0.098985962,0.056422102,0.065207327,0.056408842,1.201462217,0.069815368,3.582719785
Cab_1103 Paulsen_1,0.407700498,0.057924652,0.635397555,0.069328742,0.44382777,0.07903548,0.244943706,0.087296111,0.143873011,0.064434362,0.125067812,0.075536475,0.071470078,0.052125031,0.07938937,0.080442307,1.731467236,0.082343861,4.531604058
Cab_1103 Paulsen_2,0.79805446,0.064125302,0.291711135,0.10348492,0.12183977,0.11732754,0.167054793,0.112320588,0.195966435,0.095188746,0.180544788,0.103336688,0.175660516,0.125300879,0.083600063,0.123091801,1.704457604,0.073669848,4.636735876
Cab_1103 Paulsen_3,0.657912076,0.053946445,0.513344554,0.049779604,0.341097206,0.09173253,0.209830172,0.100377175,0.210299504,0.097998847,0.230551023,0.107681655,0.130192341,0.078524226,0.120931342,0.103119467,1.547573712,0.119456142,4.764348022
Cab_1103 Paulsen_4,0.865665341,0.076594829,0.49199969,0.075622887,0.169117719,0.106672909,0.20716195,0.102386575,0.165180245,0.075077668,0.200399244,0.07718616,0.112184379,0.086316173,0.086387056,0.119425473,1.715424851,0.079189417,4.811992566
Chard_1103 Paulsen_1,0.585386082,0.067540816,0.298050807,0.071570108,0.092047297,0.068574658,0.1331464,0.059945087,0.139635162,0.05238535,0.151159812,0.059310493,0.055846899,0.064790251,0.080378328,0.065609152,1.024661885,0.052817225,3.122855813
Chard_1103 Paulsen_2,0.659025349,0.075028708,0.388940995,0.078710613,0.192237859,0.076958,0.175540173,0.073624692,0.137305109,0.068897036,0.153908752,0.077608727,0.088098101,0.059002165,0.135798029,0.093853107,1.783565897,0.057809794,4.375913106
Chard_1103 Paulsen_4,0.542475497,0.058084678,0.493652281,0.055990871,0.256860712,0.088470938,0.220089162,0.070367141,0.192319133,0.063547482,0.173088363,0.068633658,0.111197386,0.060413945,0.113536982,0.077136484,1.304504913,0.047162153,3.997531777
Cab_140 Ruggeri_1,0.626491259,0.063530168,0.220892134,0.063485251,0.300803609,0.061666547,0.201276931,0.075879352,0.218867419,0.092813361,0.210560826,0.083054869,0.082065397,0.063414554,0.049340357,0.069582681,1.300612598,0.073344736,3.857682047
Cab_140 Ruggeri_2,0.783339516,0.075236207,0.289097265,0.080876436,0.305723282,0.077706944,0.350601677,0.078913743,0.352822456,0.085473284,0.219822865,0.061290767,0.082599521,0.075565826,0.118800503,0.071812894,1.918114108,0.073600722,5.101398018
Cab_140 Ruggeri_3,0.673551415,0.08073592,0.38137783,0.075489466,0.28040691,0.084368403,0.222595701,0.092863371,0.166914797,0.094085342,0.087904144,0.075587546,0.102692346,0.10140587,0.074946523,0.057813534,1.378683727,0.143424264,4.174847108
Cab_140 Ruggeri_4,0.826847607,0.067252247,0.406146644,0.079907358,0.242322087,0.101934363,0.198206203,0.067383335,0.164648237,0.104169457,0.106393355,0.062931661,0.098746697,0.06568373,0.060279933,0.070401849,1.431930516,0.066132604,4.221317883
Chard_140 Ruggeri_1,0.389104198,0.033521488,0.24382206,0.040753065,0.114094815,0.038729853,0.189022364,0.044449574,0.217268372,0.046220679,0.068091898,0.042669513,0.076378945,0.051835841,0.036504789,0.037090356,0.790682797,0.058647256,2.518887862
Chard_140 Ruggeri_2,0.626284583,0.071188053,0.354903341,0.076185179,0.258104409,0.095877563,0.20762666,0.08054606,0.277885281,0.088801328,0.108155624,0.067675369,0.156778486,0.102468231,0.066100457,0.067776258,1.675454453,0.071719248,4.453530583
Chard_140 Ruggeri_3,0.517230015,0.048941844,0.300889592,0.046684802,0.244984003,0.057786954,0.187140046,0.049051289,0.138025764,0.055106693,0.056479993,0.052768797,0.072387149,0.05298488,0.036422433,0.037631672,0.91909533,0.072171623,2.94578288
Chard_140 Ruggeri_4,0.485252404,0.05434705,0.32240551,0.066736686,0.198904242,0.062482678,0.248679939,0.049851356,0.157201675,0.056059316,0.066494033,0.041834714,0.095372063,0.069458069,0.057688945,0.061468183,1.044051392,0.067339422,3.205627678
Cab_3309 Couderc_1,0.967546512,0.063893473,0.383605131,0.087812847,0.181051997,0.139842456,0.244244694,0.100261375,0.199000508,0.088068453,0.227929026,0.078236201,0.150309481,0.084893537,0.082588779,0.084343031,1.188504029,0.055085004,4.407216535
Cab_3309 Couderc_2,1.06846229,0.069043422,0.368499034,0.079824683,0.198436484,0.111854046,0.196242968,0.101025019,0.217000885,0.096517354,0.199894369,0.093310893,0.149362107,0.094257389,0.071206843,0.076152633,1.209139089,0.072555938,4.472785445
Cab_3309 Couderc_3,1.001681235,0.071308809,0.467410292,0.06993763,0.09967943,0.097206379,0.155567464,0.108657616,0.198985342,0.090459996,0.145643699,0.107210373,0.093437565,0.095338666,0.078244759,0.100221595,1.643950678,0.081913934,4.706855462
Cab_3309 Couderc_4,0.723939977,0.056567181,0.523021658,0.060406816,0.132540455,0.098905487,0.190180794,0.079408609,0.193449333,0.077305419,0.15051471,0.083437561,0.092505369,0.058249629,0.045240579,0.063490766,1.660454904,0.048265042,4.337884291
Chard_3309 Couderc_1,0.585376559,0.057767744,0.282860237,0.054812683,0.1228932,0.052973254,0.141699782,0.061649519,0.146350569,0.050028351,0.100844672,0.056036416,0.064818074,0.048323719,0.107415262,0.060802904,0.834155503,0.055163378,2.883971829
Chard_3309 Couderc_2,0.631236984,0.079087762,0.212204142,0.107064823,0.237909885,0.098131516,0.230734874,0.096466184,0.247261166,0.082928711,0.241433418,0.081440643,0.059688515,0.060899149,0.090027967,0.09004626,1.374982568,0.068540566,4.090085133
Chard_3309 Couderc_3,0.816603943,0.065958204,0.293910423,0.094198247,0.150398493,0.090978952,0.13204591,0.076329049,0.142316556,0.077401963,0.177877917,0.075081905,0.057801102,0.052742643,0.103544909,0.064252518,1.356101261,0.06067402,3.888218014
Chard_3309 Couderc_4,0.79940178,0.092006718,0.324680245,0.10745192,0.207558041,0.113391368,0.187495812,0.091719488,0.168236022,0.083233048,0.24575814,0.080929614,0.103043059,0.086114333,0.095925881,0.083190041,1.741440842,0.086368151,4.697944503
Cab_420 A_1,0.812931796,0.057120125,0.419764422,0.058223471,0.189441195,0.118031068,0.20757922,0.090202807,0.129786531,0.069446661,0.166711952,0.086267472,0.165287591,0.087261621,0.08151323,0.070557072,1.190744167,0.064709561,4.065579962
Cab_420 A_2,0.962638613,0.077361882,0.307677899,0.07392686,0.109674276,0.119741384,0.177739017,0.08269819,0.16773386,0.082904032,0.100425425,0.068558002,0.053011283,0.056292069,0.037477548,0.073220365,1.416667616,0.068738063,4.036486386
Chard_420 A_1,0.631141392,0.066924463,0.275674405,0.064389559,0.116824585,0.05457703,0.145430105,0.05447425,0.178320391,0.055980041,0.215006549,0.065520834,0.080592601,0.063260254,0.137173245,0.077395472,0.965000196,0.045233945,3.292919318
Chard_420 A_2,0.563206292,0.05189365,0.26708709,0.050388283,0.093270957,0.051016906,0.153538021,0.051378063,0.131584256,0.053099034,0.136403515,0.048395694,0.056138367,0.053573585,0.067889904,0.050465461,0.548213745,0.041875396,2.469418219
Chard_420 A_3,0.576053177,0.056845405,0.273821125,0.054869293,0.124897961,0.063432994,0.107122096,0.062398241,0.142255954,0.06342653,0.169602396,0.058268596,0.03838884,0.047512005,0.048935586,0.060008126,0.795739779,0.061711942,2.805290047
Chard_420 A_4,0.563708667,0.06689829,0.228315,0.072296794,0.186649573,0.086778532,0.160038616,0.070728916,0.211019927,0.081120887,0.145268658,0.082208798,0.085244274,0.05752135,0.113307127,0.066854815,1.250438455,0.050012742,3.57841142
Cab_775 Paulsen_1,0.763874642,0.05700573,0.550598542,0.079571302,0.325745156,0.080301966,0.308722052,0.075838118,0.251519835,0.067014517,0.110335046,0.061516558,0.091665215,0.085762323,0.062065344,0.043616135,1.861871589,0.062916656,4.939940728
Cab_775 Paulsen_2,0.734635221,0.067862403,0.415436323,0.082659724,0.279135243,0.083007571,0.2753519,0.088971612,0.308155254,0.089930572,0.223783878,0.099461563,0.227141525,0.093644309,0.080002956,0.062806383,1.814103462,0.066210442,5.09230034
Cab_775 Paulsen_4,0.78395886,0.060574942,0.5109369,0.061448118,0.245135029,0.086222578,0.252429247,0.072172102,0.264807027,0.075892605,0.10801009,0.058927094,0.111320582,0.09325774,0.060592373,0.057958778,1.607926065,0.070362051,4.581932183
Chard_775 Paulsen_1,0.298767239,0.05025401,0.239378768,0.048894311,0.259452865,0.054861541,0.199841844,0.055616841,0.218912665,0.050500288,0.102897429,0.055703475,0.167859656,0.082458152,0.079208195,0.053093845,1.524860592,0.055371307,3.597933023
Chard_775 Paulsen_2,0.569863232,0.065749553,0.17968786,0.056284635,0.212680297,0.075959544,0.236273771,0.065039694,0.233196149,0.060511101,0.103840721,0.067324252,0.121771182,0.072567243,0.039468923,0.049623231,1.480827273,0.043628943,3.734297604
Chard_775 Paulsen_3,0.619560707,0.086964856,0.366929919,0.089953588,0.212223669,0.079814559,0.277316056,0.082710044,0.175779361,0.081813863,0.110307732,0.06441683,0.085348419,0.080978745,0.066518034,0.061180516,1.439601667,0.070830663,4.052249228
Chard_775 Paulsen_4,0.832843712,0.064491428,0.172542838,0.064401109,0.136459151,0.067389676,0.157220379,0.076961333,0.188671965,0.074038547,0.186155364,0.076992476,0.190381127,0.096536323,0.08411715,0.065680917,1.306419957,0.0509289,3.892232351
Cab_Freedom_1,0.75912134,0.056535426,0.274477341,0.074564221,0.145776424,0.097636806,0.144959495,0.089971833,0.170159843,0.091238125,0.243541785,0.102374681,0.091331041,0.086682673,0.05728017,0.098819702,1.677312924,0.07447675,4.33626058
Cab_Freedom_2,0.81341886,0.053660134,0.336293466,0.063569633,0.244331396,0.067234762,0.195723147,0.091027086,0.160571618,0.075767532,0.166253619,0.089780888,0.097775035,0.091997345,0.06820639,0.07242213,1.144799913,0.070554166,3.90338712
Cab_Freedom_3,0.975620872,0.065387452,0.408056745,0.06061895,0.166140543,0.086639095,0.18848246,0.08359211,0.209601798,0.089794776,0.083531872,0.082623989,0.073192951,0.071717557,0.151629035,0.100028442,1.341259834,0.053158084,4.291076562
Cab_Freedom_4,0.765751901,0.06335908,0.384091131,0.067361105,0.174577878,0.089352264,0.151752199,0.074314404,0.167775354,0.067639194,0.100198776,0.071460512,0.054621435,0.058079885,0.095826733,0.078661624,1.730398612,0.065906288,4.261128374
Chard_Freedom_1,0.647009916,0.064958211,0.33039841,0.059610559,0.133417087,0.060444262,0.118234389,0.072177526,0.15214787,0.062536876,0.117649296,0.062493457,0.069921589,0.064888083,0.052664493,0.058771068,0.942534812,0.049401008,3.119258914
Chard_Freedom_2,0.490292623,0.056969485,0.334960349,0.055780533,0.210034035,0.06697679,0.189025537,0.06003797,0.186087451,0.060051982,0.177439489,0.057745788,0.095141331,0.05901053,0.068250418,0.0555791,1.068683238,0.068387542,3.360454192
Chard_Freedom_3,0.623079288,0.075067831,0.237627651,0.080135485,0.101552139,0.064719327,0.084289224,0.054501343,0.125809409,0.060898894,0.145944394,0.067670734,0.070863319,0.065703116,0.045508673,0.069824722,1.17781667,0.068300495,3.219312714
Chard_Freedom_4,0.686503749,0.067294774,0.352702914,0.095421312,0.134348024,0.082691261,0.111221734,0.063878221,0.100266186,0.066942689,0.127333542,0.075748881,0.063701313,0.059041278,0.054848844,0.048228701,1.309133916,0.047960461,3.5472678
Cab_K51-32_1,0.887577677,0.065881093,0.500830796,0.053115728,0.09332947,0.104353513,0.139044554,0.086148253,0.125323275,0.069300475,0.125929571,0.086756881,0.076313284,0.071768038,0.130784265,0.085138856,1.22646989,0.055896448,3.983962068
Cab_K51-32_2,0.883923383,0.070430228,0.483259429,0.058170818,0.250035617,0.093975884,0.181063656,0.085802664,0.09832654,0.070783308,0.049759851,0.050502428,0.045691599,0.048956368,0.060800215,0.06262723,1.307287162,0.060670942,3.962067323
Cab_K51-32_3,0.514864166,0.045285202,0.502560682,0.064930638,0.296894579,0.070455959,0.208421849,0.098248586,0.214956077,0.095065557,0.086202883,0.073011105,0.08334377,0.057492013,0.075638457,0.070029902,1.413114442,0.053495713,4.024011582
Cab_K51-32_4,0.458568898,0.04868536,0.505703429,0.08093787,0.212576211,0.088309628,0.180859013,0.071203692,0.169672683,0.072624637,0.170906677,0.068377068,0.148349464,0.069977528,0.067811099,0.062575795,1.210681154,0.064547394,3.752367601
Chard_K51-32_2,0.564259598,0.055499059,0.251173376,0.047667816,0.085777006,0.044442719,0.127911419,0.045195856,0.118232149,0.049148232,0.076634356,0.057366569,0.042100444,0.039814559,0.058979491,0.045456034,1.057080711,0.07106312,2.837802514
Chard_K51-32_3,0.718007561,0.052789936,0.260640381,0.05838726,0.117075319,0.056612522,0.107833325,0.049409358,0.13586607,0.062861432,0.08805742,0.04225815,0.052685496,0.037383854,0.070304747,0.046770965,0.966147723,0.039477496,2.962569013
Chard_K51-32_4,0.48452264,0.056521175,0.406567368,0.070811734,0.275837644,0.069930235,0.186300128,0.067676555,0.149602578,0.059428535,0.186632073,0.067133009,0.058772349,0.073710294,0.078820795,0.067298116,1.430407402,0.073792903,3.863765534
Cab_Kober 5BB_1,0.723274502,0.070612229,0.300997333,0.095907293,0.190144745,0.078904153,0.196004139,0.102352515,0.279433534,0.088548948,0.147777047,0.082767831,0.085605651,0.091860902,0.043608127,0.069713572,1.580045947,0.055814873,4.28337334
Cab_Kober 5BB_2,0.77553838,0.078184416,0.326765333,0.081391193,0.146010301,0.080298097,0.192398432,0.070087418,0.242620259,0.072014832,0.189679099,0.071174219,0.120371558,0.101064581,0.094011027,0.064813525,1.598409429,0.07257676,4.377408861
Cab_Kober 5BB_3,0.896668502,0.068741155,0.357797013,0.066443588,0.190715772,0.080107121,0.121480191,0.069474387,0.132435255,0.069476954,0.097718614,0.065364491,0.04846112,0.06658165,0.033264205,0.05562727,1.980567142,0.074267219,4.47519165
Chard_Kober 5BB_1,0.391999545,0.066029347,0.250917166,0.057476581,0.263959508,0.065115806,0.24267209,0.06643196,0.221254442,0.066141548,0.123599524,0.062590132,0.117860513,0.067448107,0.054297797,0.060171233,1.236525511,0.066454357,3.480945168
Chard_Kober 5BB_2,0.509817326,0.062693304,0.272553927,0.050384172,0.201255013,0.05800719,0.285943203,0.062393335,0.267327193,0.051432309,0.062390088,0.054188344,0.172862538,0.067347746,0.110602636,0.054522225,1.35151398,0.046893308,3.742127838
Chard_Kober 5BB_3,0.763090584,0.065483895,0.283368491,0.07703481,0.209424053,0.080323362,0.227784557,0.082921389,0.182959341,0.060874476,0.093376824,0.067512837,0.113336439,0.064240509,0.066539473,0.054937286,1.414584544,0.049687146,3.957480016
Chard_Kober 5BB_4,0.634916407,0.068150666,0.304929611,0.056630574,0.189265305,0.05364893,0.205916047,0.057685506,0.150350947,0.061237514,0.098777549,0.053546402,0.063226959,0.051189109,0.030236496,0.037457463,0.679725767,0.066182984,2.863074236
Cab_Ramsey_1,0.638457068,0.051808074,0.542645252,0.061456823,0.347081118,0.06687272,0.219029296,0.09533607,0.167673929,0.068921973,0.279790285,0.090583815,0.191380576,0.085562687,0.075319717,0.108845286,1.658057205,0.063404656,4.812226553
Cab_Ramsey_2,0.618270519,0.04543929,0.325286526,0.052791026,0.224526968,0.077949748,0.228290823,0.082680152,0.207216378,0.06716465,0.107690132,0.069544954,0.081279215,0.079008847,0.053131385,0.065131641,1.545239261,0.090896878,4.021538392
Cab_Ramsey_3,0.939130807,0.062858285,0.4148887,0.055151951,0.077669913,0.092043251,0.172860822,0.088256201,0.133086647,0.086843661,0.125320203,0.082082915,0.068968028,0.075740545,0.076770204,0.075611358,1.478283534,0.080539066,4.186106094
Cab_Ramsey_4,0.883253195,0.067104696,0.479791032,0.052713435,0.185809697,0.075018718,0.218171615,0.057602216,0.123160716,0.086340437,0.222477939,0.085505983,0.135383096,0.063679009,0.119228594,0.105682834,2.367287258,0.080208243,5.408418712
Chard_Ramsey_1,0.40268859,0.055779117,0.168194862,0.057289774,0.144733873,0.063642295,0.180784771,0.056077083,0.143826115,0.049580334,0.13522711,0.071757274,0.066790753,0.054972142,0.071200143,0.066253864,0.863415019,0.055239449,2.707452568
Chard_Ramsey_2,0.554107741,0.066079926,0.281992184,0.060159419,0.193134788,0.057424557,0.160786237,0.053670924,0.086119296,0.053642848,0.120341796,0.054799711,0.056436747,0.046585567,0.053235495,0.053713406,0.973134217,0.064433509,2.98979837
Chard_Ramsey_3,0.508747735,0.053470733,0.444885099,0.048166196,0.250881326,0.070268278,0.156214751,0.05958328,0.189542961,0.063474579,0.223081104,0.065590715,0.126414861,0.058675738,0.11801847,0.064367731,1.44796019,0.063562268,4.012906015
Chard_Ramsey_4,0.634921161,0.053322197,0.339501399,0.047272073,0.150296986,0.053748926,0.141211428,0.051223406,0.188050576,0.053095081,0.132828361,0.045314565,0.099669321,0.039788511,0.08557845,0.056976836,1.238812634,0.118369642,3.529981555
Cab_Schwarzmann_1,0.525844934,0.062249759,0.339345458,0.047370231,0.131027865,0.050829538,0.109541282,0.054233069,0.09415074,0.063759598,0.158196412,0.069276074,0.131295894,0.060205409,0.120519171,0.089954447,1.641493482,0.08171411,3.831007472
Cab_Schwarzmann_2,0.980710706,0.061812329,0.304097232,0.088532007,0.059145051,0.092774524,0.099043812,0.09232714,0.151876491,0.075162137,0.133745823,0.070745572,0.148660854,0.07984687,0.068168348,0.078445014,0.998050588,0.055478562,3.638623062
Cab_Schwarzmann_3,0.577851166,0.047150153,0.563551709,0.047965346,0.169112235,0.060310349,0.150529708,0.062281601,0.140100288,0.051251928,0.107732303,0.062153593,0.06850855,0.064799052,0.034545903,0.069065989,1.67132375,0.076577314,4.024810939
Chard_Schwarzmann_1,0.455996069,0.067323878,0.258928477,0.059806018,0.176979518,0.057801224,0.144600416,0.064616466,0.12276543,0.054374856,0.181274895,0.075814683,0.123230966,0.062665474,0.065079328,0.067173078,0.688906153,0.050028527,2.777365458
Chard_Schwarzmann_2,0.507524727,0.050577928,0.370734495,0.054842674,0.217306366,0.05671887,0.1792477,0.055372058,0.168996967,0.058043672,0.121135734,0.061036129,0.09407439,0.052551486,0.034352637,0.040617695,0.731792683,0.051118687,2.9060449
Chard_Schwarzmann_3,0.470296695,0.065316147,0.3952678,0.053909375,0.119076341,0.064616949,0.090394439,0.059032585,0.189263367,0.056878072,0.186976216,0.059238683,0.074490542,0.04893888,0.094687018,0.054754144,1.287710077,0.047336907,3.418184239
Chard_Schwarzmann_4,0.584767569,0.052220607,0.281591785,0.05195106,0.123701665,0.056855205,0.089834744,0.056659292,0.09983322,0.046251829,0.063326946,0.039995798,0.053125099,0.046110887,0.053411245,0.047366075,0.624445212,0.060922708,2.432370943
Cab_SO4_1,0.851733963,0.063804847,0.20180859,0.071283766,0.261212578,0.064322778,0.244802289,0.087807276,0.172838458,0.083020005,0.046032303,0.062130149,0.050844126,0.083346142,0.040589758,0.063269607,1.640326691,0.078825522,4.167998846
Cab_SO4_2,0.791321818,0.063080135,0.277140108,0.083225537,0.252174385,0.083768585,0.211275961,0.095961383,0.217064776,0.078505316,0.187650066,0.0762295,0.087466728,0.079809424,0.04902484,0.061306898,1.331606472,0.081661982,4.108273913
Cab_SO4_3,0.849374932,0.058146895,0.57394828,0.058315108,0.333900198,0.088856798,0.241942971,0.074513553,0.197312898,0.093306463,0.076176038,0.067264816,0.075445428,0.082876726,0.071862982,0.073196735,1.892695076,0.081196882,4.990332782
Cab_SO4_4,0.848867345,0.062216755,0.296552635,0.092539273,0.278795591,0.089196557,0.242980612,0.079051103,0.203397343,0.078190732,0.084003403,0.05708035,0.091267205,0.08071621,0.063810137,0.06786267,1.327533114,0.059586388,4.103647423
Chard_SO4_1,0.51546933,0.050526088,0.202325053,0.046233659,0.173243346,0.046845449,0.134199283,0.054212055,0.139690722,0.056420934,0.049796487,0.042868231,0.042799418,0.038162227,0.025869831,0.031955813,0.650083257,0.06532469,2.366025874
Chard_SO4_2,0.727633215,0.062576528,0.348782267,0.075175262,0.200294657,0.06823833,0.221521877,0.057523009,0.227083693,0.057600707,0.108099153,0.062751949,0.10308006,0.066323042,0.039055224,0.044805017,0.880539074,0.072465241,3.423548305
Chard_SO4_3,0.650780926,0.07706729,0.275067129,0.082462398,0.236069208,0.087743993,0.260035593,0.088397114,0.198333747,0.084202233,0.135662258,0.085696677,0.099669982,0.080630687,0.056159642,0.076865261,1.489176072,0.070586617,4.134606824
Chard_SO4_4,0.719103182,0.048645936,0.282333382,0.05413305,0.187391668,0.053316038,0.247948638,0.044976301,0.141837557,0.055052317,0.093672857,0.047138604,0.063965035,0.05913808,0.030611909,0.045136922,1.031134784,0.064554353,3.270090611
Cab_Teleki 5C_2,1.000709536,0.067126715,0.319158484,0.09078039,0.080804182,0.081575719,0.099296926,0.094367392,0.133380287,0.078539766,0.122906789,0.087900394,0.118954973,0.085081947,0.074187365,0.101400949,1.4748084,0.081151015,4.19213123
Cab_Teleki 5C_3,0.91537411,0.080737269,0.449315003,0.068221028,0.194111591,0.102033662,0.131616475,0.095616957,0.146989547,0.069969263,0.133655248,0.074158215,0.075346165,0.045804665,0.044158699,0.047221312,1.402016997,0.062423862,4.138770069
Cab_Teleki 5C_4,0.501927223,0.046157427,0.39884316,0.065968053,0.100604973,0.078800222,0.136915406,0.081466539,0.152257029,0.071048494,0.191170119,0.061703374,0.087590068,0.062682421,0.073317437,0.064989542,1.457005229,0.068548972,3.700995687
Chard_Teleki 5C_1,0.549724459,0.048367641,0.210937583,0.042829818,0.172763419,0.045030593,0.154393982,0.060814358,0.185879343,0.052874846,0.228299925,0.05837308,0.109798985,0.058341658,0.076615204,0.0614074,0.713030636,0.050645934,2.880128864
Chard_Teleki 5C_2,0.679655451,0.05429844,0.291510827,0.050740577,0.125936793,0.050528024,0.105261185,0.046015904,0.119055072,0.044966744,0.080580694,0.042445033,0.045919973,0.045263921,0.041756847,0.045322804,0.745598657,0.052210992,2.667067938
Chard_Teleki 5C_3,0.696581815,0.050575399,0.232619297,0.05704528,0.122608208,0.050107339,0.128146735,0.046628259,0.156376225,0.046338398,0.161106462,0.06383911,0.057279248,0.048289368,0.054233962,0.046736135,0.903167896,0.077137456,2.998816592
Chard_Teleki 5C_4,0.823475708,0.05846738,0.32476292,0.067411783,0.185330166,0.064045659,0.15080564,0.052294739,0.168955461,0.062673519,0.156787618,0.058697546,0.073553026,0.060130876,0.071142427,0.052106118,1.268854245,0.054038078,3.753532911